id	name
1	&amp;byP&amp;D
2	179/WG
3	24karats
4	3can4on
5	4℃
6	45rpm
7	5351 POUR LES HOMME
8	55DSL
9	877*7(BANANA SEVEN)
10	A BATHING APE
11	A.P.C
12	a.v.v.
13	ABAHOUSE
14	abc une face
15	Abercrombie&amp;Fitch
16	ACDC RAG
17	Adam et Rope&#39;
18	adidas
19	AFRICATARO
20	AG
21	agete
22	AGATHA
23	agnes b.
24	AIGNER
25	aimer feel
26	AKADEMIKS
27	ALBA ROSA
28	ALBION
29	ALBUM
30	alcali
31	ALESSANdRA OLLA
32	alfredoBANNISTER
33	ALGONQUINS
34	ALICE and the PIRATES
35	alice auaa
36	allamanda
37	American Apparel
38	American Eagle
39	AMERICAN RAG CIE
40	ANAP
41	ANAP Kids
42	ANAP Latina
43	anap mimpi
44	And A
45	ANDRE LUCIANO
46	ANDSUNS
47	Angel Heart
48	angelblue
49	Angelic Pretty
50	Ank Rouge
51	ANNA SUI
52	ANOTHER EDITION
53	ANQUIET
54	ANZU
55	Apuweiser-riche
56	Aqua blue
57	aquagirl
58	archives
59	ARIZONA FREEDOM
60	ARMANI EXCHANGE
61	ARMANI JEANS
62	Arnold Palmer
63	ARROW
64	AS KNOW AS
65	ASH&amp;DIAMONDS
66	asics
67	ASSASSYN
68	ATELIER BOZ
69	atmos girls
70	AUBE
71	Auntie Rosa
72	AVALANCHE
73	AVIRA PINK
74	AVIREX
75	axes femme
76	AZUL by moussy
77	BA-TSU
78	baby Dior
79	baby shoop
80	Baby-G
81	BABY,THE STARS SHINE BRIGHT
82	BABYDOLL
83	BabyPhat
84	BACKS
85	BAL
86	Balenciaga
87	Bally
88	BANANA FISH
89	Banana Republic
90	Banner Barrett
91	BAPY
92	Barak
93	Barbie
94	BBC
95	Bdonna
96	BEACH SOUND
97	BEAMS
98	BeBe
99	beberose
100	BENETTON
101	BERRY&#39;S BERRY
102	BETSEY JOHNSON
103	BETTY BLUE LOVE
104	BETTY&#39;S BLUE
105	billabong
106	BIRKENSTOCK
107	Bit&#39;z
108	BLESS TOKYO
109	BLOC
110	blondy
111	BLOOM
112	BLUE MOON BLUE
113	bluecross
114	BOBSON
115	BODY DRESSING
116	Body Glove
117	BODYLINE
118	BOH
119	BONDS＆PEACE
120	Bong
121	BOOFOOWOO
122	BOOTLEGBOOTH
123	Bottega Veneta
124	bourjois
125	BPN
126	Branshes
127	BUFFALO BOBS
128	BURBERRY
129	BUZZ SPUNKY
130	BVLGARI
131	ByeBye
132	CALM
133	Calvin Klein
134	Candy Doll
135	Candy Stripper
136	CANMAKE
137	cantwo
138	CAPTAIN SANTA
139	carhartt
140	carter&#39;s
141	Cartier
142	CASIO
143	CASTELBAJAC
144	Cath Kidston
145	CECIL McBEE
146	celine
147	CEZANNE（セザンヌ化粧品）
148	Champion
149	CHANEL
150	CHARLES JOURDAN
151	Charlotte Ronson
152	CHEER
153	Cher
154	chereaux
155	Chesty
156	Chloe
157	Chocola
158	CHOICE
159	Chopard
160	Christian Dior
161	Chrome Hearts
162	CHU XXX
163	CHUBBYGANG
164	CHUMS
165	Ciaopanic
166	CIMARRON
167	CITIZEN
168	CLARINS
169	Class
170	CLATHAS
171	clear crea
172	CLEF DE SOL
173	CLINIQUE
174	CLOSE-UP
175	CO&amp;LU
176	CO&amp;LU MINI
177	COACH
178	COCO DEAL
179	COCOBONGO
180	COCOLOBLAND
181	COCOLULU Baby
182	COCUE
183	COFFRET D&#39;OR
184	CoiGirlMagic
185	Columbia
186	COMME CA DU MODE
187	COMME CA ISM
188	COMME des GARCONS
189	CONVERSE
190	COSME DECORTE
191	COSMIC WONDER
192	COUP DE CHANCE
193	Courreges
194	CRAZY TRIBE
195	Crisp
196	crocs
197	CROSS COLOURS
198	CRYX
199	Curel
200	Cynthia Rowley
201	d.i.a
202	DOLCE&amp;GABBANA
203	daddy oh daddy
204	Daisy
205	DAISY LOVERS
206	DaTuRa
207	dazzlin
208	DC
209	Dear Princess
210	Delyle NOIR
211	Deorart
212	Design Tshirts Store graniph
213	DEVILOCK
214	DGRACE
215	DHC
216	Diablo
217	DIANA
218	dicila
219	Dickies
220	DIESEL
221	Dip Drops
222	Discoat
223	DIVAS
224	DKNY
225	DO!FAMILY
226	Dolly wink
227	DOUBLE STANDARD CLOTHING
228	DouDou
229	Dr.Ci Labo
230	DRESSCAMP
231	DRESSTERIOR
232	drug store&#39;s
233	DSQUARED2
234	Dual THREAD
235	Dunhill
236	DURAS
237	E hyphen world gallery
238	e.a.p
239	eaB
240	Earl Jean
241	earth music &amp; ecology
242	EARTHMAGIC
243	EASTBOY
244	ECHO
245	Ed Hardy
246	EDWIN
247	ef-de
248	EGOIST
249	Eight by
250	EL RODEO
251	ELGIN
252	Elizabeth Arden
253	ELLE
254	EMILIO PUCCI
255	Emily Temple cute
256	EMODA
257	Emporio Armani
258	EMS
260	ENAPREET
261	ENYCE
262	EPOCA
263	epuda
264	ERBA
265	ESCADA
266	ESPERANZA
267	Estee Lauder
268	ETRO
269	ettusais
270	EVISU
271	F.O.KIDS
272	familiar
273	FANCL
274	Fasio
275	FAT
276	FELISSIMO
277	FENDI
278	Feroux
279	Ferragamo
281	FILA
282	FINAL STAGE
283	flower
284	Folli Follie
285	FOREVER 21
286	FOSSIL
287	franche lippee
288	FRANCK MULLER
289	FRANKLIN&amp;MARSHALL
290	FRAPBOIS
291	FRED PERRY
292	FREE&#39;S SHOP
293	FROMFIRST Musee
294	FUBU
295	FUGA
296	FUNKY FRUIT
297	Funny Face
298	Furla
299	GU
300	GAL FIT
301	galaxxxy
302	GALFY
303	GALSVILLE
304	GAP
305	GARCIAMARQUEZ
306	GARULA
307	GDC
308	gelato pique
309	GENNARO
310	GHOST OF HARLEM
311	Gianfranco FERRE
312	VERSACE
313	GILFY
314	Gimlet
315	Giorgio Armani
316	GIVENCHY
317	GLAD NEWS
318	GLAMOROUS GARDEN
319	GLAMOROUS JANE
320	GLOBAL WORK
321	goa
322	GOLD PFEIL
323	GOLDS infinity
324	GOODENOUGH
325	goro&#39;s
326	GOTCHA
327	GRACE CONTINENTAL
328	GrandGround
329	GRASUM
330	green
331	Gregory
332	GRES CABOTINE
333	Gucci
334	GUERLAIN
335	GUESS
336	GYDA
337	GYMBOREE
338	h.naoto
339	H&amp;M
340	HAKKA
341	HANJIRO
342	HARE
343	HbG
344	HEADPORTER
345	Heart E
346	Heart Market
347	heather
348	HEAVEN and Earth
349	HECTIC
350	HELENA RUBINSTEIN
351	HELLCATPUNKS
352	HeM
353	HERE THERE
354	Hermes
355	Herve Chapelier
356	HIROMICHI NAKANO
357	his miss
358	Hollister
359	HOLLYWOOD RANCH MARKET
360	HONEY BEE
361	Honey Bunch
362	HONEYS
363	HOTTEY GIRL
364	HOUSE OF ROSE
365	HTC
366	HUGO BOSS
367	HUNTING WORLD
368	Hurley
369	HusHush
370	HYSTERIC GLAMOUR
371	HYSTERIC MINI
372	I am I
373	i.n.e
374	ICB
375	IENA
376	iiMK
377	illume
378	IMAGE
379	INDEX
380	indio
381	INDIVI
382	INED
383	INGNI
384	Innocent World
385	Inpaichthys Kerri
386	INTEGRATE
387	INTERPLANET
388	IPSA
389	IRONY
390	ISBIT
391	J.Lo
392	J&amp;R
393	JACKROSE
394	JAM
395	JaneMarple
396	JASSIE
397	JAYRO
398	JAYRO White
399	Jean-Paul GAULTIER
400	JEANASIS
401	JENNI
402	JESUS DIAMANTE
403	Ji.maxx
404	JILLSTUART
405	Jocomomola
406	John Galliano
407	JOHN LAWRENCE SULLIVAN
408	Joias
409	JOKER
410	jouetie
411	JOURNAL STANDARD
412	JSG
413	Juicy Couture
414	JUNGLE CAT
415	JUNGLE ROCO
416	JUNK FOOD
417	JUNKO KOSHINO
418	Jurgen Lehl
419	JURIANO JURRIE
420	JUST BIGI
421	Justin Davis
422	Kanebo
423	KANEKO ISAO
424	KANGOL
425	KAPALUA
426	kariang
427	Karl Kani
428	Kastane
429	KATE
430	kate spade new york
431	KATHARINE HAMNETT
432	Katie
433	KBF
434	KENZO
435	KesalanPatharan
436	KILIWATCH
437	Kiss Me
438	Kitamura
439	KITSON
440	KLC
441	knit kitchen
442	KOOKAI
443	KOSE
444	KOSE COSMEPORT
445	KP
446	kumikyoku（組曲）
447	L&#39;EST ROSE
448	L&#39;OCCITANE
449	L★D
450	LA GATE
451	La Pafait
452	LACOSTE
453	LADY ENYCE
454	LagunaMoon
455	LAGUST
456	LAISSE PASSE
457	LANCOME
458	Language
459	LANVIN
460	LAST SCENE
461	Last Scene Girl
462	LAUTREAMONT
463	Layla Rose
464	LAZY SUSAN
465	LB-03
466	LD prime
467	LDS
468	LE CIEL BLEU
469	Le souk
470	LED RECHWE
471	Lee
472	LEPSIM
473	LeSportsac
474	Levi&#39;s
475	LGB
476	Lil&#39;marv
477	LIMI feu
478	Lindsay
479	LIP SERVICE
480	LISTEN FLAVOR
481	LIZ LISA
482	LIZ LISA doll
483	LODISPOTTO
484	LONE ONES
485	LONGCHAMP
486	LOUIS VUITTON
487	LOVE BOAT
488	LOVE GIRLS MARKET
489	LOVE JUNKIE
490	LOVERS HOUSE
491	LOEWE
492	LOWRIDER
493	LOWRYS FARM
494	LRG
495	Luminox
496	LUSH
497	LUST
498	M-premier
499	M.deux
500	MA*RS
501	MAC
502	MACKDADDY
503	MAD FOOT
504	MAD（M∀D）
505	MAJESTIC LEGON
506	MAJOLICA MAJORCA
507	Majorena
508	MALAIKA
509	MALKOMALKA
510	Mandom
511	Manhattan Portage
512	maniaQ
513	manics
514	MAQuillAGE
515	MARC JACOBS
516	Marie Claire
517	marpleQ
518	MARY QUANT
519	master-piece
520	MaterialGirl
521	Max &amp; Co.
522	Max Mara
523	MAXFACTOR
524	MAYBELLINE
525	MAYSON GREY
526	MCM
527	me Jane
528	MELROSE
529	MENARD
530	mercibeaucoup
531	MERCURYDUO
532	mercy.
533	metamorphose temps de fille
534	mezzo piano
535	mi.mi.Que
536	MICHEL KLEIN
537	MICHIKO LONDON
538	MIDAS
539	Miel Crishunant
540	MIHARAYASUHIRO
541	MIIA
542	mikihouse
543	mila schon
544	MILK
545	MILKBOY
546	MILKFED.
547	mimily
548	min plume
549	MINI-K
550	MINIMUM
551	minirdees
552	Minnetonka
553	MISCH MASCH
554	MISS SIXTY
555	MISSONI
556	miumiu
557	mmts
558	MONCLER
559	monkey bite
560	monomania
561	MONORAL
562	montage
563	moohoop
564	MORGAN
565	mou jon jon
566	moussy
567	MPS
568	muchacha
569	MUJI (無印良品)
570	MURUA
571	MY TANE
572	mystic
573	mysty woman
574	N.HOOLYWOOD
575	NADIA
576	nano・universe
577	NARACAMICIE
578	NATURAL BEAUTY BASIC
579	NATURAL NINE
580	NAUTICA
581	NAVANA
582	NAVANA WIG
583	Ne-net
584	NEIGHBORHOOD
585	NENEMONA
586	NESTA BRAND
587	New Balance
588	NEW ERA
589	NEWYORKER
590	NEXT
591	NICE CLAUP
592	NIKE
593	NILE PERCH
594	NINA RICCI
595	NINE
596	nitrow(nitraid)
597	NIXON
598	noevir
599	NOJESS
600	NOLLEY&#39;S
601	noue-rue
602	NUMBER (N)INE
603	Oakley
604	OCEAN PACIFIC
605	OLIVEdesOLIVE
606	on the couch
607	one spo
608	one*way
609	OPAQUE
610	ORBIS
611	ORIZZONTI
612	OshKosh
613	OSMOSIS
614	OUTDOOR
615	OZOC
616	PAGEBOY
617	PANAMA BOY
618	Par Avion
619	patagonia
620	PATRICK COX
621	PAUL &amp; JOE
622	Paul Frank
623	Paul Smith
624	PEACE NOW
625	PEACE ON MARS
626	PELLE PELLE
627	PERSON&#39;S
628	PETIT BATEAU
629	Peyton Place
630	PHATFARM
631	PHENOMENON
632	pierre cardin
633	PIKO
634	PINK ADOBE
635	Pink Mix
636	PINK-latte
637	PINKHOUSE Webshop
638	Pinky&amp;Dianne
639	PinkyGirls
640	PEACH JOHN
641	Planet Blue
642	PLAYBOY
643	Pledge
644	PMA
645	PNB
646	POLA
647	POLO RALPH LAUREN
648	pomponettejr
649	POOL SIDE
650	Porsche Design
651	PORTER
652	POU DOU DOU
653	POWER PLANT
654	PPFM
655	PRADA
656	Pretty
657	prideglide
658	PRIMA CLASSE
659	Pringle
660	PRIVATE LABEL
661	proactiv
662	PROFILE
663	PROPORTION
664	prose verse
665	PUMA
666	PUTUMAYO
667	QUEENS COURT
668	QUIKSILVER
669	R・F
670	R&amp;E
671	Ra Iride
672	Rady
673	RAG MART
674	RAGEBLUE
675	Ralph Lauren
676	Ravijour
677	Ray-Ban
678	Rayalice
679	RayCassin
680	RE DARK
681	RealBvoice
682	Rebecca Taylor
683	RECYCLAGE
684	REDMOON
685	REDPEPPER
686	REDWING
687	Reebok
688	RENOMA
689	repipi armario
690	Replay
691	RESTIR
692	RETRO GIRL
693	REVLON
694	REVOLVER
695	rich
696	rienda
697	Right-on
698	Ristty
699	RMK
700	RNA
701	ROBERTA DI CAMERINO
702	Rocawear
703	ROCO NAIL
704	RODEO CROWNS
705	Roen
706	roial
707	ROJITA
708	ROLEX
709	RONI
710	ROPE
711	ROSE BUD
712	ROSE FANFAN
713	rosebullet
714	Rosegirl
715	Roxy
716	ROYAL PARTY
717	ROYAL PARTY muse
718	ROYALORDER
719	RUSS・K
720	Russet
721	RUSTY
722	Ruvap
723	RYUSPORTS
724	SAINT JAMES
725	Salvatore Marra
726	Samantha Thavasa
727	Samantha Vega
728	Samsonite
729	sannnennikumi（3年2組）
730	Santafe
731	SATAN ARBEIT
732	SAVOY
733	SAZABY
734	SBY
735	schott
736	ScoLar
737	SCOT CLUB
738	Sean John
739	SEIKO
740	SESAMI CLUB
741	SEXY DYNAMITE
742	SHAKE SHAKE
743	Shanit
744	Shell Ray
745	SHELLAC
746	SHIN＆COMPANY
747	SHIPS
748	Shirley Temple
749	SHOOP
750	shu uemura
751	shuca
752	SILAS
753	SINDEE
754	SiShuNon
755	Skinny Lip
756	SLY
757	SM2
758	SmackyGlam
759	Snatch
760	snidel
761	SOFINA
762	SOMETHING
763	SONIA RYKIEL
764	SOPH
765	SOUL FRANKY
766	Spank!
767	Spick and Span
768	SPICY MARMALADE
769	SPIGA
770	SPINNS
771	SPIRAL GIRL
772	SpRay
773	STAR JEWELRY
774	STIGMATA
775	stila
776	STRAWBERRY-FIELDS
777	STUSSY
778	Sugar Shapes
779	sunaokuwahara
780	SUNNY SMITH
781	SUPER LOVERS
782	Supreme
783	SWAGGER
784	swanky
785	swatch
786	SWEET.B
787	SWIMMER
788	SWORD FISH
789	TaBoo
790	TAHCHEE
791	Takaraya
792	TAKEO KIKUCHI
793	tasse tasse
794	TENORAS
795	THE BODY SHOP
796	THE EMPORIUM
797	THE KISS
798	THE NORTH FACE
799	theory
800	THIRTEEN JAPAN
801	tiara
802	Tiffany &amp; Co.
803	Timberland
804	TINKERBELL
805	tip top
806	titicaca
807	titty&amp;co
808	TMT
809	tommy girl
810	TOMMY HILFIGER
811	TOMORROWLAND
812	TOPKAPI
813	TOPMAN
814	TOPSHOP
815	TORNADO MART
816	Tory Burch
817	Town &amp; Country
818	TRALALA
819	TRANS CONTINENTS
820	TRIBAL
821	True Religion
822	Trussardi
823	TSUMORI CHISATO
824	tutuanna*
825	tutuHA
826	UGG
827	UNDERCOVER
828	Ungrid
829	UNIQLO
830	UNITED ARROWS
831	UNTITLED
832	URBAN RESEARCH
833	ValenTine&#39;s High
834	VALENTINO
835	VANQUISH
836	VANS
837	Varosh
838	Vendome
839	Vert Dense
840	VIAGGIO BLU
841	VICKY
842	Victoria&#39;s Secret
843	Victorian maiden
844	VIERGE
845	ViS
846	VISEE
847	VIVAYOU
848	VIVIENNE TAM
849	Vivienne Westwood
850	volcom
851	Von Dutch
852	w closet
853	WASK
854	wc
855	WEGO
856	WHO&#39;S WHO
857	WILLSELECTION
858	WONDER ROCKET
859	WORLD WIDE LOVE!
860	WR
861	Wrangler
862	X-girl
863	XLARGE
864	Xfrm
865	XOXO
866	Yellow boots
867	Yohji Yamamoto
868	Saint Laurent
869	ZARA
870	ZAZIE
871	ZUCCa
872	23区
873	SHISEIDO (資生堂)
874	BARNEYS NEW YORK
875	PINZA
876	Edition
877	choosy chu
878	Avan Lily
879	bulle de savon
880	maison de plage
881	Supreme.La.La.
882	Noela
883	Santa Monica
884	FREE&#39;S MART
885	Kai Lani
886	Jolly Boutique
887	DRWCYS
888	Marblee
889	Million Carats
890	KAWI JAMELE
891	Bershka
892	topic luxe
893	VENCE
894	MERVEILLE H.
895	SLY LANG
896	2% TOKYO
897	22 OCTOBRE
898	31 Sons de mode
899	7 for all mankind
900	7UNION
901	88TEES
902	a.g.plus
903	Labyrinth
904	AC by Angel Color
905	Accessorize
906	Acuta
907	adabat
908	Admiral
909	ADORE
910	AfternoonTea
911	AGAINST
912	AGOSTO SHOP
913	AHKAH
914	A・I・C
915	AIRWALK
916	Alphabet&#39;s Alphabet
917	ALTERNATIVE
918	CHILLE anap
919	anatelier
920	Anna Nicola
921	ANNA LUNA
922	ANNE CLARK
923	ANNE KLEIN
924	ANTEPRIMA
925	anySiS
926	anyFAM
927	apart by lowrys
928	apartment market
929	Apiana
930	aquagirl cosmetics
931	AquaName
932	arena
933	ARTISAN
934	as know as de base
935	asos
936	Asrabbit
937	ATELIER SIX
938	ATTACHIMENT
939	AUBE couture
940	AULA AILA
941	Avail
942	AVON
943	B-COMPANY
944	B.L.U.E.
945	B7
946	Balcony and Bed
947	BAMBOO GRASS
948	BANDAI
950	BASE CONTROL
951	baviphat
952	BB DAKOTA
953	BE RADIANCE
954	BEAMS BOY
955	BEARDSLEY
956	Beaumere
957	Beaute Danser
958	BENE COSMETICS
959	bianca maria
960	bianca`s closet
961	bit blue
962	Bivouac
963	BIZAZZ
964	BLACK by moussy
965	Bleu Bleuet
966	BMG
967	BOBBI BROWN
968	BODY FOCUS
969	BONAVOCE
970	bonica dot
971	BONITA
972	BoomyRoomy
973	BORNY
974	bortsprungt
975	BOSCH
976	Bou Jeloud
977	Brandy Melville
978	BRAPPERS
979	BREEZE
980	Bridget Birkin
981	Brownie bee
982	BUONA GIORNATA
983	BURT&#39;S BEES
984	BURTON
985	VIA BUS STOP
986	BUVRUS
987	b・r・u・s・h
988	C.C.†CROSS
989	CA4LA
990	cacharel
991	CACTUS
992	CALAJA
993	Calman and Chelow
994	Cameron Racy
995	CANDISH
996	carlife
997	CAROLINA GLASER
998	Casselini
999	CEPO
1000	CHACOTT
1001	Charles and Keith
1002	Chatty?aroma?
1003	CHEAP MONDAY
1004	Cheek by archives
1005	niko and...
1006	Nomine
1007	STUNNING LURE
1008	Cutie Blonde
1009	TOCCA
1010	Bonpoint
1011	Think Bee!
1012	cherry Ann
1013	CHEESY&#39;S
1014	who&#39;s who Chico
1015	CHILD WOMAN
1016	CINEMA CLUB
1017	claire&#39;s
1018	Clasky
1019	CLEAR IMPRESSION
1020	coen
1021	collect point
1022	CROLLA
1023	CROON A SONG
1024	Crystal Ball
1025	CUBE SUGAR
1026	cynthia
1027	d&#39;un a&#39; dix
1028	Dakota
1029	DAKS
1030	DAMMY
1031	DAYS OF FREEDOM
1032	DeaDia
1033	deicy
1034	deicy me
1035	DENDROBIUM
1036	Dereon
1037	DESCENTE
1038	dholic
1039	Diamond Beauty
1040	DIANE von FURSTENBERG
1041	Dior
1042	Disney
1043	Dith
1044	dodo
1045	DOLLY GIRL BY ANNA SUI
1046	Dosch
1047	Dot and Stripes CHILD WOMAN
1048	Double dazzle
1049	DOUBLE NAME
1050	Doux archives
1051	Dr.Martens
1052	DRESKIP
1053	DRESSLAVE
1054	DURAS ambient
1055	Durer
1056	EBELE MOTION
1057	Ebonyivory
1058	EDIT.FOR LULU
1059	ellecy
1060	EMSEXCITE
1061	EMU
1062	ENVYM
1063	ESPRIQUE
1064	ESTACOT
1065	et Cheri
1066	ETUDE HOUSE
1067	Fabric Jam
1068	Fabulous Angela
1069	FERNANDA
1071	FLAG-J
1072	Francfranc
1073	FRAY I.D
1074	FREAK&#39;S STORE
1075	fredy
1076	FRUIT CAKE
1077	fur fur
1078	GALLARDA GALANTE
1079	gaminerie
1080	GEORGIA LOVE
1081	GRL
1082	green label relaxing
1084	goocy
1085	GORGE
1086	green parks
1087	grove
1088	HACCI
1089	HAWKINS
1090	HERE&#39;S
1092	Holika Holika
1093	Honey mi Honey
1094	Honey Salon
1095	hummel
1096	ikka
1097	IL BISONTE
1098	in the groove
1099	inmercanto
1100	IORI
1101	ISSEY MIYAKE
1102	ITS&#39;DEMO
1103	J.FERRY
1104	janis market
1105	JEFFREY CAMPBELL
1106	JELLY BEANS
1107	JENEVIEVE
1108	jevous enprie!
1109	Jewel Changes
1110	JEWELIUM
1111	JewelsSeek
1112	JIMMY CHOO
1113	joujou
1114	JOYRICH
1115	JUNK STORE
1116	JUSGLITTY
1117	Juze
1118	Kaepa
1119	KarL Park Lane
1120	ketty
1121	kissmark
1122	KNOW BEANS
1123	kuskus
1124	l&#39;atelier du savon
1125	la Bala
1126	LABORATORY WORK
1127	LADY MADE
1128	LaFine
1129	Demi-Luxe BEAMS
1130	Lara&amp;Heart
1131	LAURA ASHLEY
1132	le.coeur blanc
1133	Leap Lippin
1134	leilian
1135	Lily Brown
1136	LIMITLESS LUXURY
1137	Linetta
1138	LINK IT ALL
1139	LIPSTAR
1140	LOAVES
1141	Lois CRAYON
1142	Lovedrose&amp;Co.
1143	LoveMark
1144	marble ink
1145	MARGARET HOWELL
1146	Marie femme
1147	marimekko
1148	MARITHE + FRANCOIS GIRBAUD
1149	marshmallow crown
1150	MATERIA
1151	MATIERES
1152	me &amp; me couture
1153	miely
1154	MILSQUR
1155	mimo.
1156	miraville
1158	mitis
1159	MK KLEIN+
1160	MK2K
1161	mont bell
1162	motherways
1163	N.Natural beauty basic*
1164	nadesico
1165	natural couture
1166	NATURAL LAUNDRY
1167	Neon Soda
1168	NETTO di MAMMINA
1170	NINE WEST
1171	nitca
1172	NORD SUD
1173	Nuovo
1174	Odette e Odile
1175	one after another NICE CLAUP
1176	ORBENE
1177	ORiental TRaffic
1178	Orla Kiely
1179	PAR ICI
1180	pas de calais
1181	passage mignon
1182	PATTERN fiona
1184	phebely
1185	pi.perfume inn
1186	PICCIN
1187	Pierre Lannier
1188	Pin Curl
1189	pink trick
1190	PinkCandy
1191	pinky wolman
1192	piu
1194	pool studio
1195	pour la frime
1196	POWDER SUGAR
1197	PRIMARK
1198	PRIME PATTERN
1199	PRISILA
1200	PROPORTION BODY DRESSING
1201	pudding
1202	F i.n.t
1203	Swingle
1204	FORSTE
1205	antiqua
1206	UNBILICAL
1207	HYDROGEN
1208	Nina mew
1209	Rirandture
1210	夢展望
1211	Perle Peche
1212	Pastel Ma&#39;am
1213	MANGO
1214	HIROKO KOSHINO
1215	NATURE REPUBLIC
1216	Lucien pellat-finet
1217	FOXEY
1218	Old Navy
1219	sacai
1220	Maison Martin Margiela
1221	ACNE
1222	HELMUT LANG
1223	NEIL BARRETT
1224	Ron Herman
1225	DEUXIEME CLASSE
1226	H.P.FRANCE
1227	CorteLargo
1228	nest Robe
1229	bisque by nest Robe
1230	RD Rouge Diamant
1231	RESEXXY
1232	valveat 81
1233	Sise
1234	HAN AHN SOON
1235	The Dayz tokyo
1236	Vinyl
1237	1%
1238	OKIRAKU
1239	ADAWAS
1240	LEP LUSS
1241	dictionary
1242	VOUS ETES
1243	MUVEIL WORK
1244	SOLPRESA
1245	OSHIMA REI
1246	WRAPINKNOT
1247	TRES
1248	DOMENICO+SAVIO
1249	SOMARTA
1250	AMBELL
1251	Beau&#39;re
1252	i-SOOK
1253	elianegigi
1254	Littny
1255	Aunt Marie&#39;s
1256	LOSICARIE
1257	YEVS
1258	JOSEPH
1259	ete
1260	JOE’S JEANS
1261	REAC
1262	salire
1263	CURATOR
1264	KATE SPADE SATURDAY
1265	sacai luck
1266	TILA MARCH
1267	ANYA HINDMARCH
1268	Current Elliott
1269	HUMAN WOMAN
1270	Techichi
1271	melissa
1272	GUNNE SAX
1273	mother
1274	archi
1275	pero
1276	mudoca
1277	P.A.M.
1278	WJKW
1279	JILL by JILLSTUART
1280	CAP FAKE!!!
1281	GIUZEPPE ZANOTTI
1282	repetto
1283	Felisi
1284	merry jenny
1285	Laugoa
1286	Boy London
1287	ADDICTION
1288	Alexander Wang
1289	Alexander McQueen
1290	AVEDA
1291	AYURA
1292	Cruciani
1293	KIKKA THE DIARY OF
1294	chelsea
1295	ROOTOTE
1296	GaGa MILANO
1297	HOLLYWOOD MADE
1298	KIRALY
1299	Skemo
1300	LADUREE
1301	laura mercier
1302	MATA HARI
1303	MINKPINK
1304	OPENING CEREMONY
1305	HALFMAN
1306	Under the Table
1307	LUNASOL
1308	UNIF
1309	FIG&amp;VIPER
1310	Soareak 
1311	Tony Lama
1312	Colcci
1313	SABON
1314	G.V.G.V.
1315	MSGM
1316	Sov.
1317	CHAUSSURE LAPIN
1319	Marni
1320	Isabel Marant
1321	Sea New York
1322	Milly
1323	FLORENT
1324	3.1 Phillip Lim
1325	Kiehl&#39;s
1326	SUQQU
1327	THE FIRST
1328	Rope&#39; Picnic
1329	LUCA
1330	STEAM CREAM
1331	STUDIO CLIP
1332	LIBRE MAISON
1333	BARNYARDSTORM
1334	Andemiu
1335	made in HEAVEN
1336	GROWZE
1337	DAILY NEWS
1338	KERASTASE
1339	jane iredale
1340	bareMinerals
1341	Les Merveilleuses LADUREE
1342	Michael Kors
1343	La Mer Collections
1344	SWAROVSKI
1345	L Space
1346	THREE
1347	ISA ARFEN
1348	Christian Louboutin
1349	BALMAIN
1350	Cole Haan
1351	Stella McCartney
1352	Koolaburra
1353	ALDO
1354	Ergobaby
1355	Fragonard
1356	Benefit
1357	Jo Malone
1358	Vera Wang
1359	Bath &amp; Body Works
1360	Hamilton
1361	Ettika
1362	Jen&#39;s Pirate Booty
1363	Siwy
1364	Energy Muse
1365	Gypsy 05
1366	Cleobella
1367	Dogeared
1368	JAMES PERSE
1369	April77
1370	CLARE VIVIER
1371	CHINESE LAUNDRY
1372	Tolani
1373	fitfit
1374	Urban Decay
1375	PARTYPARTY
1376	Sephora
1377	Lime Crime
1378	banila co.
1379	TONY MOLY
1380	Too Faced
1381	The Balm
1382	Coastal Scents
1383	Santa Maria Novella
1384	Bond No. 9
1385	Annick Goutal
1386	Yves Rocher
1387	Moroccan oil
1388	John Masters Organics
1389	MASON PEARSON
1390	ellips
1391	SKIN FOOD
1392	mise en scene
1393	WELEDA
1394	HANSKIN
1395	the saem
1396	It&#39;s skin
1397	su:m37°
1398	KBShimmer
1399	OPI
1400	ciate
1401	butter LONDON
1402	NARS
1403	Malie Organics
1404	VOLUSPA
1405	MOR
1406	Laline
1407	MZ WALLACE
1408	KORA Organics
1409	Society6
1410	Anthropologie
1411	Urban Outfitters
1412	rice
1413	Henri Bendel
1414	ModCloth
1415	iittala
1416	Pottery Barn
1417	Georg Jensen
1418	FORMVERKET
1419	Williams-Sonoma
1420	LE CREUSET
1421	Oliver Bonas
1422	ksubi
1423	Super Sunglasses
1424	Neff
1425	GOYARD
1426	Orobianco
1427	Westward Leaning
1428	Quay Eyeware Australia
1429	ras
1430	BABYLONE
1431	KAREN WALKER
1432	YRU
1433	ASH
1434	Steve Madden
1435	SUPERGA
1436	Jacadi
1437	Boden
1438	evelyn
1439	FIRST IMPRESSIONS
1440	DUVETICA
1441	HERNO
1442	Free People
1443	RED VALENTINO
1444	BCBGMAXAZRIA
1445	LULU GUINNESS
1446	CHAN LUU
1447	Philippe Audibert
1448	CAT HAMMILL
1449	HIPANEMA
1450	Shashi
1451	Pura Vida
1452	IENA SLOBE
1453	Plage
1454	Khaju
1455	CHALAYAN
1456	PAPILLONNER
1457	FRAMeWORK
1458	Maison de Reefur
1459	ThreeFourTime
1460	LINGERIE SELECTION
1461	Bilitis dix-sept ans
1462	DKNY WOMEN
1463	YLANG YLANG
1464	Noble
1465	une autre
1466	rukkilill
1467	Libre
1468	Virtue and Vice
1469	J.PRESS LADIES
1470	turno jeana
1471	CABANE de ZUCCa
1472	American Touristor
1473	override
1474	B&#39;2nd re&#39;qua
1475	カオリノモリ
1476	Cartonnage
1477	SOUP
1478	ADPOSION
1479	Rinajour
1480	Alice+Olivia
1481	Issa London
1482	FRYE
1483	HUNTER
1484	Alexandre de Paris
1485	CULT GAIA
1486	Deepa Gurnani
1487	KITSCH
1488	Vera Bradley
1489	SAMUDRA
1490	SANTI
1491	HELEN KAMINSKI
1492	J.Crew
1493	BAREFOOT DREAMS
1494	kashwere
1495	PiP Studio
1496	Exuviance
1497	NEAL&#39;S YARD
1498	DRESSEDUNDRESSED
1499	Miauler Mew
1500	Swankiss
1501	Luxe Rose 
1502	Soffitto
1503	Q
1504	GINGER ALE
1505	Secret Honey
1506	The Virgnia
1507	NIMES
1508	mjuka
1509	La TOTALITE
1510	KLEIN PLUS
1511	Rie Miller
1512	Wacoal
1513	JAMIN PUECH
1514	ricori
1515	Rolick
1516	ASTORIA ODIER
1517	DENNYROSE
1518	TWIN-SET
1519	Marry garet
1520	Petit jam
1521	TIENS ecoute
1522	Remily
1523	TWNROOM
1524	Lilidia
1525	MOROKOBAR
1526	KIDS LOVE GAITE
1527	AGNOST
1528	RU
1529	velikoko
1530	Irie Berry
1531	Narcissus
1532	jonnlynx
1533	HYKE
1534	prix de fleur
1535	Enzo Angiolini
1536	armoire caprice
1537	aldies
1538	ice watch
1539	ivory court
1540	Akakura
1541	Accessories Blossom
1542	AS KNOW AS PINKY
1543	ASBee
1544	IDEE
1545	AHCAHCUM.muchacha
1546	Ane Mone
1547	Abahouse Devinette
1548	avie
1549	APIVITA
1550	amadana
1551	Amavel
1552	AMO&#39;S STYLE
1553	alice McCALL
1554	ARIZONA
1555	alpha
1556	gondoa
1557	AMPHI
1558	1metre carre
1559	ear PAPILLONNER
1560	iliann loeb
1561	INDEPENDENT
1562	Vivica
1563	WeSC
1564	Visalia
1565	vita namis
1566	Vigny
1567	Winter Kate
1568	WALL
1569	unobilie
1570	oeuf doux
1571	Ulula
1572	une nana cool
1573	8iGHT
1574	AIGLE
1575	A.D.M.J.
1576	ecruefil
1577	s.t.closet
1578	ESTNATION
1579	MACKINTOSH PHILOSOPHY
1580	Enasoluna
1581	m.f.editorial
1582	m.soeur
1583	AIMER
1584	heliopole
1585	LnA
1586	L.CHANCE
1587	AUX PARADIS
1588	Ober Tashe
1589	ALL ORDINARIES
1590	OLD BETTY&#39;S
1591	OCTOPUS ARMY
1592	OTO
1593	Onitsuka Tiger
1594	OFUON
1595	off the wall
1596	ORIENT
1597	ORIHICA
1598	Curly Collection
1599	gaimo
1600	KAORU
1601	GUACAMOLE
1602	cactus..cepo.
1603	Castaner
1604	Kappa
1605	canal４℃
1606	COVERGIRL
1607	qualite
1608	CAMPER
1609	Xmiss
1610	Gizmobies
1611	kipling
1612	ChiMera park
1613	quatre saisons
1614	CANDY ROCKET&#39;S
1615	Gilly Hicks
1616	Qussio
1617	GUELL MUSTARD
1618	J BRAND
1619	SHIPS for women
1620	SHIPS KIDS
1621	Jewelna Rose
1622	STUDIOUS
1623	Smork
1624	3COINS
1625	deux lux
1626	TOKYO BOPPER
1627	Dr.scholl
1628	n°44
1629	PARIGOT
1630	Harriss
1631	Salon de Balcony
1632	Barrault
1633	PEAK&amp;PINE
1634	Defilious
1635	BIODERMA
1636	phoebe
1637	Fiorucci
1638	fitafita
1639	Plush&amp;Lush
1640	Floyd
1641	PAPER CHEST
1642	bedsidedrama
1643	MARC BY MARC JACOBS
1644	LA MARINE FRANCAISE
1645	martinique Le Conte
1646	Mulberry
1647	muse muse
1648	mezzo piano junior
1649	Monki
1650	RYZA
1651	RANDA
1652	LANVIN en Bleu
1653	RIO
1654	REZOY
1655	rid.dle from...
1656	RyuRyu
1657	Le Talon
1658	Rew de Rew
1659	Luccica
1660	RubyRose
1661	LEPSIM LOWRYS FARM
1662	ROYAL COPENHAGEN
1663	Romantic Standard
1664	Romeo y JuLieta
1665	mina perhonen
1666	Shinzone
1667	L&#39;Appartement DEUXIEME CLASSE
1668	petite robe noire
1669	生活の木
1670	rivet &amp; surge
1671	SEX POT ReVeNGe
1672	Yorkland
1673	GAP Kids
1674	babyGAP
1675	ZARA KIDS
1676	COS
1677	TOGA
1678	kukkA
1679	GALSTAR
1680	MISSHA
1681	rough
1682	salus
1683	Skip Land
1684	UNRELISH
1685	靴下屋
1686	ADREE
1687	ANAYI
1688	Anna Kerry
1689	BEATRICE
1690	BENSIMON
1691	Blugirl
1692	Bonheur
1693	BRAHMIN
1694	casiTA
1695	Chedel
1696	COTOO
1697	COVERMARK
1698	DazyClair
1699	DE LA MER
1700	Drawer
1701	ENFOLD
1702	EVRIS
1703	FABIO RUSCONI
1704	FLOVE
1705	GOUT COMMUN
1706	IGNIS
1707	Jessie Steele
1708	Johnstons
1709	Just Cavalli
1710	LANDS OF Eden.
1711	lilLilly
1712	michellMacaron
1713	MOERY
1714	NATURAL BEAUTY
1715	OroNero
1716	PAOLA FRANI
1717	PLST
1718	PUNYUS
1719	relacher
1720	relacher trois rounds
1721	Rene
1722	Roberto Cavalli
1723	RUDY GADY
1724	SEE BY CHLOE
1725	Sergio Rossi
1726	SHAGADELIC
1727	SHEINAR
1728	titivate
1729	TO BE CHIC
1730	TODAYFUL
1731	TORTE
1732	UNOAERRE
1733	URBAN RESEARCH ROSSO
1734	神戸レタス
1735	Secret Magic
1736	milklim
1737	syrup.
1738	EmiriaWiz
1739	CUNE
1740	NOVA &amp; SELVES
1741	RODEO CROWNS WIDE BOWL
1742	MOSCHINO
1743	LANCEL
1744	Paloma Picasso
1745	MANOLO BLAHNIK
1746	BRUNOMAGLI
1747	BLUE ROGUE
1748	GINZA Kanematsu
1749	DENIM DUNGAREE
1750	merlot
1751	Q-pot.
1752	an another angelus
1753	BEAUTY&amp;YOUTH UNITED ARROWS
1754	blancheur
1755	BLISS POINT
1756	Bubbles
1757	ELFORBR
1758	fifth
1759	FITH
1760	Harris Tweed
1761	i
1762	LOVE REVOLUTION
1763	Mila Owen
1764	Riccimie New York
1765	THEATRE PRODUCTS
1766	UNDER BAR RAW.
1767	12Twelve Agenda
1768	amelier MAJESTIC LEGON
1769	aries
1770	BYS
1771	CARVEN
1772	cawaii
1773	CITRUS NOTES
1774	EDDY GRACE
1775	fafa
1776	FEILER
1777	FRANCO FERRARO
1778	Gianvito Rossi
1779	global rythme essence
1780	GO TO HOLLYWOOD
1781	ing
1782	Jil Sander
1783	JugeETTA
1784	Kaon
1785	KAPITAL
1786	LAUNDRY
1787	le coq sportif
1788	L.L.Bean
1789	LYCHEE MILK
1790	meirire
1791	MIKIMOTO
1792	MINT BREEZE
1793	Moltobene
1794	Mystrada
1795	Obagi
1796	ORCIVAL
1797	pays des fees
1798	RAD CUSTOM
1799	Rick Owens
1800	Risa Magli
1801	ROCHAS
1802	Rose Tiara
1803	sabstreet
1804	Samantha Thavasa Petit Choice
1805	Samantha Tiara
1806	SEA
1807	SELECT
1808	SENSE OF PLACE by URBAN RESEARCH
1809	SEVENDAYS=SUNDAY
1810	SMIR NASLI
1811	Style com
1812	SweetRoom
1813	Tamath crescent
1814	tocco
1815	Triumph
1816	Verybrain
1817	VICINI
1818	WOmB
1819	YECCA VECCA
1820	FJALL RAVEN
1821	キムラタン
1822	keisuke kanda
1823	しまむら
1824	ベルメゾン
1825	ミルボン
1826	西松屋
1827	- W. -
1828	-PHASE
1829	....... RESEARCH
1830	...and Meat.
1831	.efiLevol
1832	(A) MAD T PARTY
1833	+Hotel by K-Bros &amp; Co
1834	±0
1835	=+8PARIS ROCK
1836	0044 paris
1837	02DERIV.
1838	10Deep
1839	15jyugo
1840	18th Amendment
1841	1984
1842	1LDK SELECT
1843	2-tacs
1844	20,000,000 fragments
1845	21_21 DESIGN SIGHT
1846	291295=HOMME
1847	2e/yuki.o
1848	2K by Gingham
1849	2plus-alpha
1850	3 Suisses
1851	430
1852	4TH
1853	5&amp;10CARTEL
1854	501
1855	5351 POUR LES FEMMES
1856	555SOUL
1857	57FAKE
1858	666
1859	68&amp;brothers
1860	76 Lubricants
1861	81LDK
1862	941
1863	999.9
1864	A
1865	a nun
1866	A. Lange &amp; Sohne（A. Lange &amp; Sohne）
1867	A.coba lt
1868	A.D.
1869	A.F.VANDEVORST
1870	A.S.M ATELIER SAB MEN
1871	A.S.Manhattaner&#39;s
1872	a.testoni
1873	A.W.A
1874	A.Y. Not Dead
1875	A/T
1876	A&amp;G
1877	abbieannia
1878	ABSTRISE
1879	abx
1880	ACAPULCO GOLD
1881	ACCENTUAL
1882	ACT
1883	Adam Kimmel
1884	ADAMITE
1885	adapt
1886	ADD
1887	ADDICT
1888	ADDICTIVE
1889	ADDITION ADELAIDE
1890	Adia Kibur
1891	Adolf
1892	Advantage cycle
1893	AERONAUTICA MILITARE
1894	AEROPOSTALE
1895	AFFA
1896	AFTERBASE
1897	AG?ed
1898	AGAINST MY KILLER
1899	AGENT KNOCK
1900	Agnona
1901	Agronatura
1902	AGURI SAGIMORI
1903	AIPA
1904	AIRIPSUS
1905	AKERICO
1906	AKM
1907	AKRIS
1908	Al Somers
1909	ALA
1910	Alain Silberstein
1911	ALAKAZAM!
1912	Alan Journo
1913	alanmikli
1914	ALASKAN GOOSE
1915	ALBATROS
1916	ALBERTA FERRETTI
1917	Alden
1918	Aleanto
1919	ALEESI
1920	Alessandro Dell&#39;Acqua
1921	ALEX.B
1922	AlexanderLeeChang
1923	Alfred Sargent
1924	ALIAS
1925	ALIEN WOOIN&#39;
1926	ALIFE
1927	ALIMA
1928	Alive Athletics
1929	alksndlia
1930	ALL FOR ONE
1931	ALL GROWN UP BY BLONDY
1932	All Saints
1933	allegri
1934	ALLY &amp; DIA
1935	ALMIGHTY
1936	ALMOND
1937	ALPHA INDUSTRIES
1938	alphanumeric
1939	ALTAMONT
1940	ALTEA
1941	ALTER VENOMV
1942	alternative version WR
1943	Altuzarra
1944	AM NAPORI
1945	AMACA
1946	Amanda Wakeley
1947	AMBIGUOUS
1948	AMBUSH
1949	AMERICAN RETRO
1950	AMERICANA
1951	AMG-THE DARKEST NIG
1952	AMIMOC
1953	AMOS
1954	amp japan
1955	anachronorm
1956	Analog Clothing
1957	analog lighting
1958	ANARCHIC ADJUSTMENT
1959	and N
1960	ANDANTE
1961	Andrea Rossi
1962	Andrew GN
1963	ANDREW MACKENZIE
1964	ANDROID
1965	Andy Warhol
1966	Angel Jackson
1967	ANGELO GARBASUS
1968	ANGELO JOURNEY
1969	ANGELUS
1970	anglasad MAMORU SHIMIZU
1971	ANGLOBAL SHOP
1972	aniary
1973	Ann Demeulemeester
1974	ANN-SOFIE BACK/BACK
1975	ANN9
1976	Anna Fidanza
1977	ANNA MATUOZZO
1978	ANNA MOLINARI
1979	annak
1980	ANNE VALERIE HASH
1981	ANNHAGEN
1982	ANOKHA
1983	ANOTHER HEAVEN
1984	ANREALAGE
1985	Antgauge
1986	ANTI
1987	Anti Class
1988	ANTIHERO
1989	Antik batik
1990	ANTIK DENIM
1991	antoine DOM
1992	ANTONIO BERARDI
1993	ANTONIO MARRAS
1994	ANTONIO MURPHY &amp; ASTRO
1995	aNYthing
1996	aoki yuri
1997	aor
1998	APPLEBUM
1999	AQUA SCUTUM
2000	Aquilano.Rimondi
2001	araisara
2002	Archive
2003	Argent Gleam
2004	AriaCompany
2005	ARMED
2006	ARMEN
2007	Armorlux
2008	ARMTH SELECT
2009	ART BROWN
2010	ART VINTAGE
2011	ARTI CHAUT
2012	ARTINERO
2013	ARTIOLI
2014	Artyz
2015	ASVENUS
2016	Atease
2017	ATELIER SAB
2018	atmos
2019	ATMOSPHERE
2020	ato
2021	ATSURO TAYAMA
2022	AUBERCY
2023	AUDEMARS PIGUET
2024	audrey and john wad
2025	AUGUST
2026	AURORA GRAN
2027	AUTHENTIC SHOE&amp;Co.
2028	Auto Meter
2029	AUTOcIDEr
2030	AUTOUR DU MONDE
2031	Avoid
2032	AVRIL GAU
2033	AXARA
2034	Ayame
2035	AYUITE
2036	Azzedine Alaia
2037	AZZURE
2038	B.Q.E.
2039	B.V.D
2040	B&#39;witch
2041	ba(S)2lope
2042	BAADER CORP BY : PATRIK RZEPSKI
2043	Baby Phat
2044	Baby!
2045	BABYNAIL
2046	BACK BONE THE BASIS
2047	Back Channel
2048	BACK NUMBER
2049	BACKBONE
2050	BADBOY
2051	BAGIR
2052	BAKANAL
2053	BAKURETU-RANMAN-MUSUME（B-R-M）
2054	balanceweardesign
2055	Balcony
2056	BALENCIAGA BAG
2057	BALL
2058	BALLANTYNE CASHMERE
2059	banal chic bizarre
2060	BAND OF OUTSIDERS
2061	BANKROBBER
2062	BANSHEE
2063	BARACUTA
2064	Barassi
2065	BARBA
2066	Barbara G
2067	Barbarian
2068	BARBO
2069	Barbour
2070	BARENA
2071	BARK TANNAGE
2072	Barker Black
2073	BARNEY BOOTS
2074	BARONIO
2075	barouche
2076	Barrels
2077	BARRET
2078	BASISBROEK
2079	BASSETT WALKER
2080	BATTLE DRESS UNIFORM
2081	BAUM UND PFERDGARTEN
2082	BAUME et MERCIER (BAUME &amp; MERCIER)
2083	Baxter of California
2084	BBCO
2085	BBP
2086	BC GAME
2087	Be Positive
2088	Bear USA
2089	Beaure
2090	beautiful people
2091	beauty:beast
2092	BEDWIN
2093	begxist
2094	beik
2095	BEJEWELED
2096	Bell &amp; Ross
2097	BELSTAFF
2098	BEMERS
2099	BEN DAVIS
2100	Ben Sherman
2101	BEN THE RODEO TAILOR
2102	Bench
2103	BENICOTOY
2104	Bennu
2105	Berluti
2106	BERNHARD WILLHELM
2107	Bertini
2108	Betty Barclay
2109	Betty Smith
2110	BEVERLY HILLS POLO CLUB（BHPC）
2111	BI COASTAL
2112	BIANNA
2113	BIAS
2114	BIG JOHN
2115	bigapple
2116	BIGBLACKMARIA
2117	BIGLIDUE
2118	BIGSTAR
2119	Bijou R.I
2120	BIKKEMBERGS
2121	BILL WALL LEATHER
2122	Bisou-Bisou
2123	BLAAK
2124	BLACK CARD
2125	BLACK FLEECE
2126	BLACK FLYS
2127	BLACK GOLD
2128	BLACK PEACE NOW
2129	BLACK PIA
2130	BLACK RING
2131	BLACKBARRETT by NEIL BARRETT
2132	BLACKTOP Kustoms
2133	blanc basque
2134	BLANCPAIN
2135	BLANK
2136	BLESS
2137	Bliss
2138	BLONDE CIGARETTES
2139	BLOOD MESSAGE
2140	BLOOD MONEY TOKYO
2141	BLOSSOM DAYS
2142	BLUE BLUE
2143	BLUE FLAMES
2144	BLUE MARLIN
2145	BLUE WAY
2146	Blur cure macacin
2147	bobo chose
2148	Boemos
2149	boessert schorn
2150	Bohemians
2151	BOISNONVERNI
2152	BOLLINI
2153	bombonera
2154	bonboog
2155	bonica
2156	bonjour records
2157	BONORA
2158	botanika
2159	botkier
2160	BOUCHERON
2161	Boudicca
2162	BOUNTY HUNTER
2163	Bouvardia
2164	BOXFRESH
2165	BOYCOTT
2166	BRAIN STORM
2167	BRAITONE
2168	breakfast
2169	BREATH
2170	BREE
2171	Breguet
2172	BREITLING
2173	BREUR
2174	Brickstone
2175	BRIEFING
2176	BRING LEADS
2177	BRING ON THE NOISE
2178	Brontibay Paris
2179	BROOKLYN INDUSTRIES
2180	Brooklyn Mint
2181	Brooks Brothers
2182	BROTHERHOOD
2183	BROWN BUNNY
2184	Brownie
2185	BRTHBREATH
2186	BRUNABOINNE
2187	BRUNELLO CUCINELLI
2188	BUDDHIST PUNK
2189	Buddy Lee
2190	BUGS &amp; GARDENER
2191	Bulova
2192	Burglar
2193	Burner
2194	BURTON idiom
2195	BUTTERO
2196	Buzz Rickson&#39;s
2197	by Tass Standard
2198	BYBLOS
2199	C DIEM
2200	C-PLUS HEAD WEAR
2201	C.B.ANEW
2202	C.P. Company
2203	C&#39;est ChiC&#39;a
2204	C1RCA
2205	Cages
2206	CALEE
2207	callous
2208	CALTOP
2209	Camaieu
2210	Cambio
2211	CAMICIANISTA
2212	CAMIERA
2213	CAMPANILE
2214	CAMPO MAGGI
2215	candle june
2216	Candle Studio MAGIERA
2217	Canton
2218	CANVAS MERGE
2219	CAP BITE×LWT EXCLUSIVE
2220	CAPSEL
2221	Carat
2222	CARBURETOR &amp; CO
2223	CareBears
2224	Carol Christian Poell
2225	CARRANO
2226	CARTRIDGE CASE222
2227	CASUCCI
2228	catene
2229	Caterina Lucchi
2230	CAUSE
2231	CAV-000
2232	CAZAL
2233	CCM
2234	CEBO
2235	Celt and Cobra
2236	Censored Sentient
2237	ceresa
2238	Cerruti
2239	CERTINA
2240	CHA CHA&#39;S HOUSE OF ILL REPUTE
2241	Chaika（чайка）
2242	CHANGES
2243	CHAPTER SELECT
2244	Charles Anastase
2245	Charles Garnier
2246	Charlotte Olympia
2247	CHARMCULT
2248	Charmer
2249	CHAT CHAT
2250	CHAUMET
2251	CHEANEY
2252	cheez
2253	Chelom
2254	CHELSEAGARB
2255	CHERIE
2256	CHIC MANN
2257	CHIE MIHARA
2258	CHIL DERIC
2259	CHILDHOOD
2260	CHIP AND PEPPER
2261	CHIPPEWA
2262	CHIYUKI
2263	CHOCOHOLIC
2264	Chocolate Argentina
2265	Chrissie Morris
2266	Christian Lacroix
2267	CHRISTIAN PEAU
2268	christian roth
2269	CHRISTINA ROHDE
2270	CHRISTOPHE LEMAIRE
2271	Christpher Stivo
2272	CHRONICLES OF NEVER
2273	CHRONOSWISS
2274	Church&#39;s
2275	CIBONE
2276	CICATA
2277	CIMIER
2278	ciname.
2279	CIPHER
2280	CIRCA
2281	CIRCUM
2282	circus
2283	Citizens of Humanity
2284	CITY LAB
2285	ciu ciu
2286	CIXEUR
2287	ck Calvin Klein
2288	CLAN
2289	Clara B.
2290	Clarendon
2291	Clarks
2292	CLASSIC
2293	Classico
2294	Claude Montana
2295	cledevers
2296	CLEMENTS RIBEIRO
2297	clette
2298	Clic Clac
2299	CLIXION
2300	CLOAK
2301	CLOCK CHANNEL
2302	Clone
2303	CLUBKING
2304	CLUCT
2305	CN
2306	co-quina
2307	COALBLACK
2308	Coco
2309	COCOA&#39;77
2310	Cocomma
2311	COCOSHNIK
2312	coeur
2313	coeur ripe
2314	COGU
2315	COINONIA
2316	cokitica
2317	Coldwave
2318	collection PRIVEE?
2319	COLLECTORS CLUB
2320	COMME CA COLLECTION
2321	COMME CA MEN
2322	COMMON PROJECTS
2323	COMMUNITY
2324	COMMUUN
2325	COMPLETEFINESSE
2326	Complot
2327	COMPOSITION FIVE
2328	Comptoir des cotonniers
2329	connect
2330	CONNECTERS
2331	CONQUEST
2332	COOKIE FORTUNE
2333	COOTIE
2334	Coquin-Coquine
2335	corazon del alma
2336	CORDIER
2337	CORE JEWELS
2338	corefighter
2339	CORGI
2340	COROMO by DECO SUGAI
2341	CORTES WORKS
2342	CORTHAY
2343	Corto Moltedo
2344	CORUM
2345	CoSTUME NATIONAL
2346	Counter Culture
2347	coupole
2348	COZ JEANS
2349	CRATE DENIM
2350	CRAZY PIG
2351	CREATIVE RECREATION
2352	CRIMIE
2353	Crocket &amp; Jones
2354	Crocodile
2355	Crooked Monkey
2356	CROWDS OF HOODS
2357	CRU
2358	CRY BABY!
2359	CRYDD
2360	CS
2361	cuccia
2362	Cushe Footwear
2363	Custo Barcelona
2364	CUSTOM CULTURE
2365	CUSTOM X
2366	cycle
2367	CZEREMONY
2368	D-BROS
2369	D.I.E
2370	d.k.f.
2371	D.M.G
2372	D&#39;24
2373	D&amp;G
2374	D12
2375	Da Hui
2376	DA-NANG
2377	DADA
2378	dada flora
2379	Dafna Boots
2380	Damiani
2381	DAMIR DOMA
2382	DANESE
2383	Daniel &amp; Bob
2384	DANIEL CREMIEUX
2385	DANIEL ROTH
2386	Danner
2387	DANS LA VIE
2388	DARJEELING DAYS
2389	David Hicks
2390	Davit MEURSAULT
2391	DAVOUCCI
2392	Dazur
2393	DC SHOE
2394	DDP
2395	DE BEERS
2396	DE MATINI
2397	DEAD LOTUS
2398	DEAL DESIGN
2399	debora SINIBALDI
2400	Deborah tune
2401	Debra DeRoo
2402	DeDanae
2403	DEDUE
2404	deep sweet easy
2405	DELUXE
2406	DENIM CRAFT
2407	DENIME
2408	DEPT
2409	Der SAMMLER SOLO
2410	DEREK LAM
2411	DESIGNWORKS
2412	DESIGUAL
2413	DETAILS
2414	DEVASTEE
2415	device.
2416	Deviluse
2417	DEVOA
2418	DEZE
2419	Dhyana
2420	DI MAGGIO
2421	DIADORA
2422	DIAMOND DOGS
2423	DIAZPORA
2424	DICO
2425	DIET BUTCHER SLIM SKIN
2426	DIG DESIGN
2427	Digital Diverse
2428	DIRAIN
2429	DIRK BIKKEMBERGS
2430	DIRK SCHONBERGER
2431	DIRK VAN SAENE
2432	DISCIPLE
2433	DISCO VALLEY
2434	DISCOVERED
2435	DISCUS
2436	District
2437	DITA
2438	dj honda
2439	Dlli
2440	DOARAT
2441	DOG COLLAR
2442	DOG TOWN
2443	Dolce Vita
2444	Dominique Sirop
2445	Donna Karan
2446	dopie
2447	DORCUS
2448	DORE DORE
2449	DOROTHY PERKINS
2450	DOUBLE HARD
2451	DOUBLE STEAL
2452	Dr.Denim
2453	Dr.MONROE
2454	DRAGON BEARD
2455	DRAKES
2456	DRANHEAL
2457	Drappa Dot
2458	DRELLA
2459	Drestrip
2460	driade
2461	DRIES VAN NOTEN
2462	DRIFT RAGE
2463	DRIFTWOOD
2464	DRitte
2465	DRIZA-BONE
2466	DRKSHDW
2467	DROORS
2468	DU・DE+DO
2469	DUCK AND COVER
2470	DUCKIE BROWN
2471	DUKE BOYD
2472	DUNLOP
2473	DUNS
2474	DUPE SELECT
2475	durbuy
2476	Duro Olowu
2477	DUSAN
2478	DVS
2479	E-PLAY
2480	e.m. Fleur
2481	e.m. noir
2482	EAMES
2483	earnest sewn
2484	EASE DESIGN
2485	EASTPAK
2486	EASY-GO-EASY
2487	EBEL
2488	ECK? UNLTD（ECKO UNLTD）
2489	eclamour
2490	ECOMACO
2491	Eddie Bauer
2492	EDIFICE
2493	EDINA RONAY
2494	EDUN
2495	EDWARD GREEN
2496	EFFECTOR
2497	EGO TRIPPING
2498	EIGHT BY GOLD LABEL
2499	ej sikke lej
2500	EKAM
2501	EL.Brown
2502	ELATE
2503	ELECTRIC COTTAGE
2504	ELEMENT
2505	elephantant
2506	eleven six
2507	ELEY KISHIMOTO
2508	elf
2509	ELIE SAAB
2510	Elise Overland
2511	ellesse
2512	ELLUS
2513	ELNEST
2514	emanuel ungaro
2515	Embrains
2516	Emerica
2517	EMMA HOPE
2518	EMPERART
2519	EMPIRE
2520	en prive
2521	ENERGIE
2522	enfantino
2523	Engineered Garments
2524	Engineered Jeans
2525	Enhance Element
2526	enjoi
2527	ENRICO COVERI
2528	ENZO BONAFE
2529	EOTOTO
2530	EPICE
2531	Epilogue Chant
2532	EPROZE
2533	Equipment
2534	Erdem
2535	ERI MATSUI
2536	ERMANNO SCHERVINO
2537	Ermenegildo Zegna
2538	ERNTE
2539	ES
2540	ES ORCHESTRES
2541	Esprit
2542	ESSENTIAL DESIGNS
2543	ETAMINNE
2544	ETERNAL
2545	Etienne Aigner&#39;s
2546	ETTINGER
2547	Etw.Vonneguet
2548	Eudon Choi
2549	EVE MARIAGE
2550	ever
2551	Everested
2552	EVERLAST
2553	everlasting sprout
2554	EVERLASTINGRIDE
2555	EVIROB
2556	EXIT FOR DIS
2557	EXPANSION
2558	EXPEDITION MODE
2559	eye know
2560	EYEFUNNY
2561	EYESCREAM
2562	F-TROUPE
2563	F.C.R.B.
2564	Fabiane Roux
2565	FACTOTUM
2566	FAD 3
2567	FADELESS
2568	FAIR FAX
2569	FAKE LONDON
2570	Faliero Sarti
2571	FaM
2572	FAMOUZ
2573	Far Nine
2574	FAT JOE
2575	FATTORI
2576	FATTY&amp;NUTTY BROTHERS
2577	FB COUNTY
2578	FCUK
2579	Feed you
2580	Fender Shoes
2581	fennica
2582	FENTON
2583	FERRUCCIO VECCHI
2584	fev
2585	few.
2586	FIBEROPS
2587	FICCE
2588	FIDELITY
2589	FIFE
2590	FIFTH AVENEU SHOE REPAIR
2591	Filippa K
2592	FILLY O&#39;LYNX
2593	Fin
2594	FINAL HOME
2595	FINAMORE
2596	First Parking
2597	FITHRON
2598	FIVE O
2599	Flammeum
2600	Flaph
2601	FLASHPOINT
2602	flavour
2603	FLEXFIT
2604	FLIP THE SCRIPT
2605	FLORIAN DENICOURT
2606	FLOS
2607	FLUD WATCHES
2608	Fob&#39;s
2609	Foggia
2610	FOOBER
2611	FOOCA SELECTION
2612	foot the coacher
2613	FOPPISH
2614	Fornarina
2615	FORTIS
2616	FORTY FINE CLOTHING
2617	Foundation Addict
2618	FouR
2619	FPRATICS
2620	FRAGILE
2621	FRANCESCO BIASIA
2622	Francis Klein
2623	FranCisT_MOR.K.S.
2624	FRANCO BASSI
2625	FRANCO MINUCCI
2626	FRANCO PRINZIVALLI
2627	FRANK DANIEL
2628	FRANK LEDER
2629	Frank151
2630	Frankie Morello
2631	FRANKLYN
2632	FRANQUEENSENSE
2633	FREAKY
2634	FRED
2635	Frederik
2636	FREE RIDE
2637	Free&#39;s
2638	Freestyle
2639	FREITAG
2640	FRENCHSOLE
2641	FREQUDNCY
2642	Fresco&amp;Sereno
2643	FRESHJIVE
2644	FRICTION made
2645	Friis &amp; Company
2646	froufroutant
2647	FTC
2648	FUCT
2649	FULL BLOOD
2650	FULL LIFE
2651	FULLCOUNT
2652	FULLNELSON
2653	FUNDAMENTAL AGREEMENT LUXURY
2654	FUTURA 2000
2655	FUTURA LABORATORIES
2656	FUTURE TO FUTURE
2657	FUTURE ZOMBIE
2658	fyah
2659	G-BALLER
2660	G-SHOCK
2661	G-STAR RAW
2662	G-UNIT
2663	G-WAY
2664	g.Drive
2665	G.GUAGLIANONE
2666	G.M.R.N
2667	G.T. HAWKINS
2668	G.T.A
2669	G&amp;G
2670	Gabor
2671	GAIJIN MADE
2672	GalaabenD
2673	galcia
2674	Gallery1950
2675	GALLIANO
2676	Galvanize
2677	GANESH
2678	GANRYU
2679	Garbstore
2680	Garcon Wave
2681	GARDE COLLECTIVE（GARDE COLLECTIVE）
2682	Gareth Pugh
2683	GARNI
2684	GARNIER
2685	GAS
2686	GAS BOOK
2687	GASPARD YURIKIEVICH
2688	GB
2689	GEEGELLAN
2690	GEEZER
2691	GENDER
2692	General Research
2693	GENERRA
2694	Genetic Denim
2695	Genetic Manipulation
2696	Genny
2697	GEORGE CLEVERLEY
2698	GEORGE COX
2699	Gerald Genta（Gerald Genta）
2700	GERM
2701	GERRY
2702	GETTA GRIP
2703	GETTRY
2704	GF
2705	GFL
2706	Ghost
2707	Giacometti
2708	Giambattista Valli
2709	GIANNI VALENTINO
2710	Gianni Versace
2711	GIEVES &amp; HAWKES
2712	GIGGLYROY
2713	gilasoL.
2714	GILBERT GILBERT
2715	gilet
2716	Gilt Groupe
2717	GIMME5
2718	GINNNI BARBATO
2719	GINNNI SERRA
2720	GIO SPORT
2721	GIORGIO BRATO
2722	GIRARD-PERREGAUX
2723	GIRELLI BRUNI
2724	GIRLS
2725	giuliano Fujiwara
2726	Giuseppe Zanotti Design
2727	GIZA
2728	glamb
2729	Glass Line
2730	Glen Prince
2731	GLENROYAL
2732	GLHEART
2733	GLOBE-TROTTER
2734	Gloverall
2735	GO HEMP
2736	GODLIS
2737	GODSIZE
2738	Gola
2739	GOLD 24karats Diggers
2740	Golden Bear
2741	GOLDEN GOOSE
2742	GOLDGELD
2743	GoLike-o
2744	gomme
2745	GOMME HOMME
2746	goo pop
2747	GOOD ART HLYWD
2748	GOOD LIFE
2749	GOOD OL&#39;
2750	GOOSE BERRY
2751	gorilla
2752	gorouta
2753	GOTI
2754	GOWEST
2755	graf
2756	GRAFFITY COURAGEUX
2757	GRAMICCI
2758	GRAN SIGNORE
2759	GRAND CANYON
2760	Grand Seiko
2761	granfuse
2762	Graniph
2763	Grass
2764	GRAVATI
2765	gravis
2766	GREED
2767	GREEDY GENIU$
2768	GREEN CLUBS
2769	green edge
2770	green MAN
2771	grendha
2772	GRIFFIN
2773	GRIFONI
2774	GRIM GATE
2775	Grime effect
2776	GRIMOLDI
2777	GRIND
2778	groovisions
2779	GUIDI
2780	GUILD OF CRAFTS
2781	GUILLAUME LEMIEL
2782	Gustavo Lins
2783	GUT&#39;S DYNAMITE CABARETS
2784	Guy Laroche
2785	GUY ROVER
2786	GYM MASTER
2787	GYMPHLEX
2788	H.A.K
2789	H.at
2790	h.n.b.m
2791	H&#39;ANSEN hands to five sense
2792	HABITUAL
2793	Haider Ackermann
2794	Hakei
2795	Halb
2796	HALL MILANO
2797	halluci
2798	HAMNETT
2799	HANA TO GUITAR（花とギター）
2800	HANAE MORI
2801	Hanes
2802	HANG TEN
2803	Hanhart
2804	HANKY PANKY
2805	Hard Hit
2806	HARDCORE CHOCOLATE
2807	HARDY AMIES
2808	HARICOT ROUGE
2809	Harrods
2810	HARVARD
2811	HARVEST LABEL
2812	HASH BROWNS
2813	HAUTE
2814	havaianas
2815	HAZE
2816	he;pt
2817	HEAD
2818	HEAD PORTER +PLUS
2819	HEADERS
2820	HEADQUARTER
2821	HEATH
2822	Heatherette
2823	HEAVEN OR HELL
2824	Heavy Machine
2825	HELLS BELLS
2826	helter skelter
2827	HEMISPHERE
2828	HENRIK VIBSKOV
2829	HENRY BEGUELIN
2830	Herchcovitch;jeans
2831	Heritage stone
2832	Herman Miller
2833	HESCHUNG
2834	Hestia
2835	HEX ANTISTYLE
2836	HG
2837	HIDE AND SEEK
2838	HIGH LIGHT CAVALET
2839	HIGH NOTCH
2840	HIGH STREET
2841	HIGH!STANDARD
2842	Hiland Club
2843	HILTON GARAGE
2844	HILTON TIME
2845	HIMMY
2846	HIRO YANAGIMACHI
2847	HIROMUT AKAHAR A
2848	HISUI
2849	hLam
2850	hobo
2851	HOCQY
2852	HOGAN
2853	holiday
2854	HOLLOOW
2855	Hollywood HOT RODS
2856	HOMAREYA
2857	HOME BOY
2858	HOME&#39; UNDERWEAR
2859	HOMLESS
2860	HONEYSUCKLE ROSE
2861	HORACE
2862	HOSU
2863	HOT COCO
2864	HOT HOUSE
2865	HOTEL BUTTERFLY
2866	hottie like her
2867	HOUSE OF ANNE
2868	HOUSE OF HOLLAND
2869	HOW NATURAL?
2870	Howard
2871	HOWL and another poem
2872	HTC BLACK
2873	HUDSON
2874	HUF
2875	HUGO &amp; ENZO
2876	HUMOR
2877	Hussein Chalayan
2878	HVANA
2879	HYSTERICS
2880	I.D.E.A international
2881	I★RISH
2882	IBLUES
2883	ICE CREAM
2884	ICEBERG
2885	ichi-miri
2886	Ideot
2887	IKKAI JAPAN
2888	ikkuna
2889	il by saori komatsu
2890	IL&#39;ICH
2891	ila
2892	ila bambina
2893	ILFARO by LUCIANO BARBERA
2894	ILIAD
2895	ILLDOZER JEANS
2896	ILLUSTRATED PEOPLE
2897	IMPALA
2898	in・som・nia
2899	IN4MATION
2900	INCERTUS
2901	INCOTEX
2902	Indian
2903	INDIGO HAND
2904	INDIVIDUALIZED SHIRTS
2905	INDUSTRIAL CATEGORY
2906	Infinity
2907	Influence
2908	INGEBORG
2909	INHOMEOUT
2910	INITIUM
2911	Innosent Heart Laboratory (iHL)
2912	INSIGHT
2913	INTELECTION
2914	INTERFACE
2915	INVERALLAN
2916	IOSSELLIANI
2917	IPATH
2918	IRIE LIFE
2919	IRO
2920	Iroquois
2921	is-ness
2922	ISAAC SELLAM EXPERIENCE
2923	ISAMUKATAYAMA BACKLASH
2924	ISBIT GUARDIAN
2925	Isola D&#39;ischia
2926	istante
2927	ITALIA INDIPENDENT
2928	itazura
2929	ITSUS
2930	ITTY BITTY
2931	IVANAhelsinki
2932	IWAYA FOR DRESS33
2933	IWC
2934	IZREEL
2935	J.LINDEBERG
2936	J.M. WESTON
2937	J.Sabatino
2938	J&amp;Company
2939	jackass
2940	JACOB COHEN
2941	JAEGER
2942	Jaeger-LeCoultre
2943	JAIN SHAWLS
2944	JAJABOON
2945	JAM HOME MADE &amp; ready made
2946	James
2947	Jas M.B.
2948	Jason Wu
2949	JBS
2950	JEAN COLONNA
2951	JEAN DIADEM
2952	jean nassaus
2953	JEAN PATOU
2954	Jean-Louis Scherrer
2955	JEAN-PIERRE BRAGANZA
2956	Jel&#39;emets solo
2957	JELLY GARCIA
2958	JEREMY SCOTT
2959	JET LABEL
2960	JET SET
2961	JEWELS
2962	Ji.
2963	Jidaiya
2964	Jieda
2965	Jimmy
2966	JIST
2967	Jiva
2968	Joelle Gagnard
2969	JOEY HYSTERIC
2970	JOGE MARTIN
2971	Johanna ho
2972	JOHN LOBB
2973	JOHN RIBBE
2974	JOHN RICHMOND
2975	John Severson
2976	JOHN SMEDLEY
2977	JOHN TULLOCH
2978	JOHN&#39;S CLOTHING
2979	JOHNBULL
2980	JOHNNY BLAZE
2981	JOHNNY KOOL
2982	JOHNNYSPADE
2983	JOHNSONS
2984	JONAK
2985	JOOP
2986	JOSEPH EREUIL
2987	JOTARO SAITO
2988	JOVOVICH HAWK
2989	JPS
2990	JUCO.
2991	Judy Blame
2992	JUGMART
2993	Juliana Jabour
2994	JULIUS
2995	jun ashida
2996	JUNCHINO
2997	JUNCLUB
2998	JUNGHANS
2999	junhashimoto
3000	JUNKO SHIMADA
3001	JUNMEN
3002	JUNRED
3003	jupiter GOLD LABEL
3004	juvenile hall rollcall
3005	K-LIFE
3006	K-SWISS
3007	K.C.malhan
3008	K.M.P
3009	k3
3010	ka::dinsky
3011	Kaenon
3012	Kaluluwa
3013	KAMISHIMA CHINAMI
3014	Kareless
3015	Karl Helmut
3016	KARMA
3017	karrimor
3018	kartell
3019	KASHURA
3020	KASIL
3021	Kate Ruber
3022	KAZUTAKA KATOH
3023	KAZUYUKI KUMAGAI ATTACHMENT
3024	KAZZROCK ORIGINAL
3025	Keds
3026	KEEN
3027	keep
3028	KEiKA
3029	Keikiii
3030	KEIKO SUZUKI COLLECTION
3031	KEITA MARUYAMA TOKYO PARIS
3032	KEMPEL
3033	KEN&amp;YUTA
3034	KEITH
3035	KICKS LAB.
3036	KIDS
3037	KiiTOS
3038	KIKS TYO
3039	Kilgour
3040	kilke select
3041	KILLCITY
3042	KILLER TREASURE
3043	KIM JONES
3044	Kim songhe
3045	Kima Norway
3046	kiminori morishita
3047	KIN
3048	kinetics
3049	KING MOB
3050	KING OF DIGGIN&#39;
3051	KINGLY THEATRE PRODUCTS
3052	KINO
3053	kinoshohampu
3054	kiryuyrik
3055	kitica
3056	KITON
3057	KITSUNE
3058	KJGREEN JAMAICANSTYLE
3059	KKOK
3060	KLARA
3061	Klim
3062	KNACK
3063	KNAVE
3064	KNIGHT ERRANT
3065	Kno Better
3066	KNOCKOUT
3067	KNOCKS
3068	KNOT
3069	Knot/not
3070	Koji ARUGA
3071	KOKOBUKI
3072	Kokon to zai (KTZ)
3073	kolor
3074	KONTORSION
3075	Kooba
3076	KOOS
3077	Kriminal
3078	KRINK
3079	KRIS VAN ASSCHE
3080	KRIZIA
3081	KRYPTON
3082	Ku Ambiance
3083	KUUMBA
3084	KWAK
3085	Kyoji Maruyama
3086	KYOKO HIGA
3087	L&#39;Agence
3088	L&#39;AUTRE CHOSE
3089	L&#39;ECLAIREUR TOKYO
3090	L&#39;Wren Scott
3091	L&amp;KONDO
3092	La Redoute
3093	LA/MOF
3094	LABEL UNDER CONSTRUCTION
3095	Labrador Retriver
3096	LABRAT
3097	LaCrosse
3098	LAD MUSICIAN
3099	Ladore ships
3100	LAGACHE
3101	LAKAI LIMITED FOOTWEAR
3102	LANDSCAPE PRODUCTS
3103	LANDWARDS
3104	LAPINE
3105	Lara Bohinc
3106	Laula
3107	LAVENHAM
3108	LE GLAZIK
3109	le joli monde
3110	LE JOUR
3111	Le Minor
3112	Le・feter
3113	LEAK WEAR
3114	LEMAIRE
3115	LEMAR＆DAULEY
3116	LEMINOR
3117	les cinq sens HOMME
3118	Les Prairies de Paris
3119	Les Six
3120	LESS THAN HUMAN
3121	Let it Ride
3122	LeTIGRE
3123	Lewis Leathers
3124	LEXON
3125	LEXX MODA
3126	LEYTON HOUSE
3127	LF Stores
3128	LHP
3129	Libenham
3130	Libera FANTASISTA
3131	LIDFORT
3132	liflattie ships
3133	LIGHCA SELECT
3134	Lightning Bolt
3135	ligne roset
3136	LIL ALMOND
3137	Liliana
3138	LILICROBE
3139	LILT
3140	Lily
3141	lilytoe
3142	LIN-KU
3143	LINDA
3144	LINGUA FRANCA
3145	LION HEART
3146	LIP
3147	Liquor, woman and tears
3148	LISS
3149	listener
3150	LITH
3151	LITHIUM FEMME
3152	LITHIUM HOMME
3153	little emblem
3154	LIVE MECHANICS
3155	LIVIANA CONTI
3156	LM ALTIERI
3157	LOBBS
3158	LOFU
3159	Logrom
3160	LOLO
3161	LONDONSOLE
3162	LONGINES
3163	LONO
3164	LONSDALE
3165	loomstate
3166	Lopi Fumulau
3167	Loree Rodkin
3168	LORETO
3169	LORINZA
3170	LORO PIANA
3171	Lost dessau
3172	LOUNGE LIZARD
3173	LOVE COULEUR
3174	Love&amp;Peace&amp;Money
3175	LOVEBUZZ
3176	LOVELESS
3177	LSF
3178	Luciano Lombardi
3179	Lucky Brand
3180	LUCKY STORE
3181	LUCKY13
3182	Luella
3183	LUFT
3184	LUGGAGE LABEL
3185	LUGZ
3186	LUIGI BORRELLI
3187	Luna Plena
3188	LUST FOR LIFE
3189	Luxage
3190	LUZ
3191	LYLE&amp;SCOTT
3192	LyricisM
3193	M.A.R.S
3194	M.C.D MACHINE
3195	M.Y.LABEL
3196	M&amp;M
3197	m&amp;m&amp;m&#39;s
3198	M16
3199	MABITEX
3200	maccheronian
3201	machiko yanada
3202	MACKNIGHT
3203	macotton
3204	MAD DOG ROCKERS
3205	Madam Gre
3206	Made in COLKINIKHA
3207	MADE IN MARCHE
3208	MADE IN WORLD
3209	Madewell
3210	MADPAGER
3211	MADS NORGAARD
3212	MAGIC NUMBER
3213	Magic Wash
3214	Magical Design
3215	MAGICAL MOSH MISFITS
3216	Magine
3217	MAGIS
3218	MAGNA MATER
3219	magneT
3220	Magnetic
3221	Magnum Force
3222	MAHARISHI
3223	MAIDEN NOIR
3224	Maison Michel
3225	maje
3226	makapu&#39;u
3227	MAKAVELI BRANDED
3228	MAKIN JANMA
3229	maktig
3230	MALIPARMI
3231	malo
3232	Mambo
3233	MANDARINA DUCK
3234	MANDO
3235	Mangrove
3236	Manhattan Passage
3237	MANIK
3238	MANKIND
3239	MANUFACTORY
3240	manydope
3241	MAR
3242	marble
3243	MARBLE &amp; Co.
3244	Marc Eck? (Marc Ecko)
3245	marcell
3246	marchercher
3247	MARCO PESCAROLO
3248	MARCO TAGLIAFERRI
3249	MARCOMONDE
3250	MarcRico
3251	Maria Bonita Extra
3252	maricaBu active beauties
3253	Marie Mercie
3254	Mariko Kohga
3255	MARILYN MOON
3256	MARINI
3257	MARIO VALENTINO
3258	MARIOS
3259	Marjolijn Van den Heuvel
3260	MARK&amp;LONA
3261	marka
3262	MARKAWEAR
3263	MARMOT
3264	MARO
3265	MARSELL
3266	Martin
3267	MARVELETS
3268	MASAKI MATSUSHIMA
3269	MASH
3270	MASON&#39;S
3271	Massimo Dutti
3272	mastermind JAPAN
3273	MATERNA
3274	MATERNITY
3275	Matix
3276	matohu
3277	Matthew Williamson
3278	MAURICE LACROIX
3279	MAURIZIO PECORARO
3280	MAVERTEAM
3281	max six
3282	MAZE
3283	Mc Sister
3284	McGREGOR
3285	McQ
3286	MCW
3287	me
3288	me you
3289	mean
3290	MECCA
3291	MEDICOM TOY
3292	Meissi
3293	Melanies Masker
3294	Melthelm
3295	MEN&#39;S BIGI
3296	MEN&#39;S MELROSE
3297	MEN&#39;S TENORAS
3298	MENICHETTI
3299	MEOSHE
3300	mercenary
3301	MERRELL
3302	METROPIA
3303	MHI by maharishi
3304	MICHAEL BASTIAN
3305	MICHAEL TAPIA
3306	MICHIYO INABA
3307	MIDO
3308	MIDWEST
3309	MIFUNE
3310	Mikako Nakamura
3311	Mike &amp; Chris
3312	MIKI FUKAI
3313	mikia
3314	MIKIO SAKABE
3315	MILITANT PACIFIST
3316	MILLER
3317	Milok
3318	mimi&amp;roger
3319	min@RNA
3320	MIND BLOW
3321	mine
3322	MINI A TURE
3323	miniyu
3324	MINOTAUR
3325	mintdesigns
3326	mio.y
3327	mirabella
3328	misaharada
3329	Misericordia
3330	MISHKA
3331	MISS L-FIRE
3332	MISS WAX
3333	mita sneakers
3334	MITCHELL &amp; NESS
3335	miusa
3336	mix sense
3337	MIZUNO
3338	MM6
3339	MOBSTYLES
3340	MODE ACOTE
3341	Mode et Jacomo
3342	Modern Amusement
3343	MODERN LOVERS
3344	MODERN PIRATES
3345	MofM(man of moods)
3346	MOLD CASE
3347	molfic
3348	mollive
3349	Molnija（Молния）
3350	Molo Kids
3351	MOMA
3352	Mon tsuki
3353	monikoto
3354	Monkee Genes
3355	monogram
3356	MONSIEUR NICOLE
3357	MONTBLANC
3358	MOON STONE
3359	Moonage Devilment
3360	MORABITO
3361	MORE FOCUSED SELECT
3362	MORPHINE GENERATION
3363	MOS
3364	MOSSIMO
3365	MOSSLIGHT
3366	Motel
3367	MOTIVE
3368	MotorFist
3369	MOUNTAIN RESEARCH
3370	MOUT
3371	MOVADO
3372	Mr.Junko
3373	Mr.OLIVE
3374	MSGR
3375	MSPC
3376	mt
3377	Muhle Glashutte（Muhle Glashutte）
3378	MULTIPLE MARMELADE
3379	Munsingwear
3380	mur mur
3381	Murder License
3382	museum neu
3383	MVRK
3384	Mykonos工房
3385	n.d.c. nom de code
3386	n゜11
3387	N2
3388	N4
3389	NADA.
3390	nai chi chi
3391	naisia
3392	nakEd bunch
3393	nanamica
3394	NANNINI
3395	NAOKI TAKIZAWA
3396	NAPATOR
3397	narciso rodriguez
3398	NARCOTIC
3399	NARRATIVE PLATOON
3400	NARVI’K
3401	natuRAL vintage
3402	Naughty
3403	NAVAL RESEARCH
3404	navasana
3405	navy natural
3406	Navy produce
3407	near.nippon
3408	Needles
3409	NENEKACHILE
3410	Neon
3411	NEPENTHES
3412	New Look
3413	NEW YORK HAT
3414	NEW:Z
3415	NEXD
3416	NEXUS7
3417	NGAP
3418	NICE COLLECTIVE
3419	Nicholas Kirkwood
3420	NICKY
3421	NICOLAS ANDREAS TARALIS
3422	NICOLE
3423	Nicole Farhi
3424	Nicole Miller
3425	nil admirari
3426	NINE RULAZ
3427	ninita
3428	NIR
3429	nitraid
3430	NITRICH
3431	nitrow
3432	NIX MFG
3433	NO FEAR
3434	NO ID.
3435	no one else
3436	no quiet
3437	No. 21
3438	noglam
3439	NOIR
3440	NOLCA
3441	Nom de Guerre
3442	NOM*D
3443	N?MA
3444	nombre impair
3445	NOMMOC
3446	nonnative
3447	NOOKA
3448	noon
3449	NOR’EASTERLY
3450	norikoike
3451	NORTH SHORE CHOCOLATE COMPANY
3452	North Star
3453	NOSH
3454	Nostalism
3455	NOT SOLID/LIQUID
3456	Notify
3457	nouno
3458	Nouvelle Lemania
3459	NOVESPAZIO
3460	NOYHAIT
3461	NOZOMI ISHIGURO
3462	NQ+
3463	nude:masahiko maruyama
3464	Nudie Jeans
3465	numb
3466	NUMERO UNO
3467	Nuts
3468	nutsANDbones
3469	O&#39;NEILL
3470	OBASUKA
3471	Obelisk
3472	OBESITY AND SPEED
3473	OBEY
3474	occupy
3475	OCEAN SIDE
3476	ODD-EVEN
3477	odeur
3478	OFFICINE PANERAI
3479	OHNE TITEL
3480	OKURA
3481	OLD ENGLAND
3482	Olivier Theyskens
3483	OMEGA
3484	OMNIGOD
3485	ONCE UPON A TIME
3486	ONE GRAVITY
3487	ONE True Saxon
3488	onteks
3489	OPEN ARMS
3490	Optimystik
3491	Optitude
3492	or Glory
3493	ORIALI
3494	ORIAN
3495	Original
3496	ORIS
3497	Oscar de la Renta
3498	OSSA MONDO
3499	other
3500	Other Colours Project
3501	OURET
3502	OUTKAST
3503	OVER THE STRIPES
3504	OVER THE TWELVE
3505	Overland
3506	OWL opticwarlock
3507	OZNOts
3508	OZONE ROCKS
3509	OZONO
3510	P.Cornillon
3511	pacca pacca
3512	paco rabanne
3513	PADRONE
3514	PAGELO
3515	Palais de Robe
3516	PALLADIUM
3517	PALM
3518	Palme d&#39;Or
3519	Palms &amp; Labskie
3520	Pamela Mann
3521	Panama Hat
3522	PAOLO PECOLA
3523	Paper Denim &amp; Croth
3524	PARANOID
3525	Parasuco
3526	PARIS
3527	Parker
3528	PARTO SPORT
3529	PATEK PHILIPPE
3530	PATRICK
3531	PATRICK STEPHAN
3532	PATRIZIA PEPE
3533	Patti
3534	Paul Harnden
3535	Paul Stuart
3536	Pauline
3537	Pauric Sweeny
3538	Peace Project
3539	PEAK&#39;D YELLOW
3540	PEEK-A-BOO
3541	PEGASO
3542	PELSO
3543	PEN FIELD
3544	PENELOPE
3545	PENNY BLACK
3546	Pepe Jeans
3547	PEPITA D&#39;ORO
3548	PERON &amp; PERON
3549	Persil
3550	PETAR PETROV
3551	Peter Jensen
3552	peter kit
3553	PETRONIUS
3554	Ph Blue
3555	PHATEE
3556	PHERROW&#39;S
3557	PHI
3558	PHIGVEL
3559	PHILIPPE STARCK
3560	PHILOSOPHY DI ALBERTA FERRETTI
3561	PHONO
3562	PIA SPORTS
3563	PIAGET
3564	Pierre Balmain
3565	PIERRE HARDY
3566	PINCEAU
3567	PINKO
3568	Pippi
3569	PJ&#39;s Surf
3570	Place Plan
3571	PLAIN CLOTHING
3572	Plantation
3573	Plaring
3574	PLATINUM FUBU
3575	PLAY-PLAY-PLAY
3576	PLAYERZ 69
3577	PLAYFORD
3578	PLUS ONE
3579	PNB Nation
3580	POINTER
3581	pokit
3582	Poljot（ПОЛЕТ）
3583	Pollin
3584	Polo Club
3585	POLO RUGBY
3586	PONY
3587	popular sperm show
3588	POST
3589	POST OVERALLS
3590	PPQ
3591	PPrikorino
3592	PRAHA
3593	Pray Hotel
3594	PREEN
3595	PREMIATA
3596	PREMIERE
3597	present
3598	pricerite
3599	PRIDE
3600	PRIGS
3601	PRIO ALEGRE
3602	PRIO BLANCA
3603	PRO-Keds
3604	PRODUCT
3605	Proenza Schouler
3606	PROGRAM
3607	project 1/6
3608	project SRES
3609	PROPA GANDA
3610	Prova
3611	Prps
3612	PRSPR
3613	PS Pictogram
3614	PUBLIC IMAGE
3615	PUCH
3616	PUERTA DEL SOL
3617	PULSAR
3618	PUNK DRUNKERS
3619	PUPULA
3620	Pure Playaz
3621	PURKY
3622	PUSH CONNECTION
3623	PYJAMA CLOTHING
3624	PYNTORI
3625	Pyrenex
3626	q.b.a IORI
3627	q.b.c
3628	qiora
3629	QiQi? Qiwi?
3630	Qnine(9)
3631	Qojelly
3632	QS CULTURE
3633	QTOP
3634	QUADRO
3635	QUENCH
3636	QUENCHLOUD
3637	Qui est la?
3638	Quiet Noize
3639	QUINTY
3640	quoi? quoi?
3641	R JEANZ
3642	R WORX
3643	R.I.P CLEAR
3644	R.NEWBOLD
3645	R13
3646	RA-RE
3647	RACAL
3648	RADIALL
3649	RADO
3650	RAF SIMONS
3651	raf? NEWYORK（rafe NEWYORK）
3652	Rag &amp; Bone
3653	RAG MAMA RAG
3654	rage
3655	RAIKA
3656	Raize stance
3657	RAMGER
3658	RANDOM
3659	RANTIKI（乱痴気）
3660	RAOUL
3661	RAP MUSICIAN
3662	Raphus cucu
3663	Rassurer POU DOU DOU
3664	RATS
3665	RATTLE TRAP
3666	RAW FUDGE
3667	RAW POWER
3668	Rawlings
3669	Raymond Basquiat
3670	Re:vival
3671	RE.ACT
3672	READY STEADY GO!
3673	REALFLEET MODEL
3674	REALIZE
3675	REALRiSM
3676	Rebecca Minkoff
3677	REBEL YELL
3678	Rebirth
3679	RECON
3680	RED CLOVER
3681	RED EAR
3682	RED SEAM
3683	Reem
3684	ReFLEcT
3685	rehacer
3686	RehersalL
3687	reina de casa
3688	reluxe
3689	REMI RELIEF
3690	REN
3691	Renato Balestra
3692	REQUIRE
3693	RESISTANCE
3694	RESONATE GOODENOUGH
3695	Respect
3696	revarte
3697	Reverence
3698	Revo
3699	REVUE THOMMEN
3700	RHYME SYNDIGATE
3701	RHYTHM FOOTWEAR
3702	RICATTI
3703	RICCARDO TISCI
3704	Richard Chai
3705	RICHMOND DENIM
3706	Rickowens lilies
3707	RICO
3708	RIE*RIE
3709	RIKI TAKEUCHI
3710	ril:commune
3711	RIMOWA
3712	RING
3713	ripvanwinkle
3714	RISK
3715	RITA JEANS TOKYO
3716	Ritmo Latino
3717	RITSUKO SHIRAHAMA
3718	RK Oversease
3719	RNA-N
3720	roar
3721	roarguns
3722	Roba
3723	ROBE
3724	ROBERT FRASER
3725	ROBERT GELLER
3726	ROBERTO COLLINA
3727	Roberto del Carlo
3728	ROBES&amp;CONFECTIONS
3729	ROC STAR
3730	roccobarocco
3731	Rock &amp; Republic
3732	ROCK HARD
3733	ROCKERS DELIGHT
3734	ROCKETS
3735	ROCKMOUNT
3736	ROCKPORT
3737	ROCKSMITH
3738	Rocky Mountain Featherbed
3739	ROCOCO
3740	ROE
3741	ROGAN
3742	ROGER DUBUIS
3743	ROGER VIVIER
3744	ROHKA
3745	ROLLAND BERRY &amp; RBC
3746	ROLLIN HARD
3747	Romar Quee
3748	ROMEO GIGLI
3749	RONDEBERRY
3750	ROPESAMBAS
3751	ROSASEN
3752	ROSSO
3753	Rosy hip
3754	ROTA
3755	ROTAR
3756	ROTARY GROUP
3757	ROTTWEILER
3758	Rouge vif
3759	ROUROU
3760	ROYAL ARMANY
3761	ROYAL CHIE
3762	ROYAL PUSSY
3763	ROYALCAMP
3764	RRL
3765	Ru*fa
3766	RuBy
3767	RUDE BOY
3768	RUDE GALLERY
3769	RUDIES
3770	Rudolph Valentino
3771	RUE DU MAIL
3772	Ruehl No.925
3773	RUFF RYDERS
3774	RUFFO
3775	Rui Tashima
3776	RULER
3777	RUN ATHLETICS
3778	RUNBIRD
3779	RUPERT
3780	RUSH HOUR
3781	RUSSELL MOCCASIN
3782	RUTHIE DAVIS
3783	RVCA
3784	S.D.C
3785	S.O.S fp
3786	S.T. Dupont
3787	S&#39;exprimer
3788	S2VS
3789	S2W8
3790	sabase
3791	SABATO
3792	SABBAT13
3793	SABIT
3794	SABLE CLUTCH
3795	sabotage
3796	SABRE
3797	SACSNY Y&#39;SACCS
3798	SADDLELITES
3799	sage de cret
3800	SAGLiFE
3801	Yves Saint Laurent Beaute
3802	saintvetement (saintv・tement)
3803	sakayori
3804	SALOMON
3805	SALON
3806	Salvatore Ferragamo
3807	SAM HASKINS
3808	Samantha Kingz
3809	Samantha Silva
3810	SAMOR
3811	SANATORIUM
3812	SANDERS
3813	Sandinista
3814	Sandro
3815	SANDY DALAL
3816	SANTACROCE
3817	SANTASTIC!
3818	Santoni
3819	SANYO
3820	SANYO YAMACHO
3821	Sara Battaglia
3822	Sara Jones London
3823	saranam
3824	SARCASTIC
3825	SARTORE
3826	SASQUATCHfabrix.
3827	SASSAFRAS
3828	SATORU TANAKA
3829	satta
3830	SAUCONY
3831	Savile Row
3832	SCANNER
3833	scene4 1/2
3834	schedoni
3835	SCHLUSSEL
3836	SCHNEIDER BOOTS
3837	SCHWARZ ETIENNE
3838	SCM-PROJECT
3839	SCOTCH &amp; SODA
3840	Scye
3841	sec
3842	SECRETBASE
3843	seesway
3844	selvedge
3845	SEMBL
3846	SENSE
3847	sense of wonder
3848	SERAPHIN
3849	SERENITY.STILLMOMENT
3850	SERFONTAINE
3851	SERGEANT SALUTE
3852	Sergio Valente
3853	SESSUN
3854	seta ichiro
3855	Seven for all mankind
3856	SEVENTY FOUR
3857	SEXPOT
3858	Shady
3859	shama
3860	SHANTii
3861	Shapel
3862	SHAREEF
3863	Sharon Wauchob
3864	Shel&#39;tter ORIGINAL
3865	Shiesser
3866	Shikica Tokyo
3867	shiner
3868	SHINICHIRO ARAKAWA
3869	SHIPLEY &amp; HALMOS
3870	shirts
3871	Shourouk
3872	shuca GLOBALWORK
3873	Si-Si-Si
3874	SIERA LEONE
3875	SIERRA DESIGNS
3876	SiFURY
3877	SIGERSON MORRISON
3878	SILVANO LATTANZI
3879	SILVANO MAZZA
3880	SILVANO SASSETTI
3881	Silver JEANS
3882	Silver Lake
3883	SILVIO BETTERELLI
3884	SIMON CARTER
3885	SIMPLE LIFE
3886	SIMPSON
3887	SINACOVA
3888	Sinequanone
3889	Sinn
3890	SIR BENNY MILES
3891	SIR by Mawi
3892	sisi
3893	Sisley
3894	Sissi Rossi
3895	SISTERE
3896	SIVA
3897	six by swear
3898	sixe
3899	SIXPACK
3900	SKAGEN
3901	skinny minnie
3902	SKULL JEANS
3903	SKULL SHIT
3904	SKYHi
3905	SLADKY
3906	slant wise
3907	Slava（Cлава）
3908	Sleep
3909	sleeping forest
3910	SlowGun
3911	SMACK ENGINEER
3912	SMADDY
3913	Smythson
3914	SNAFU
3915	Snarl extra
3916	Snip Snap
3917	SNIPEHEAD
3918	Snoop Dogg
3919	SNOOPY
3920	SO
3921	soak
3922	SOAR
3923	SOE
3924	SOHK
3925	SOIL
3926	SOIR
3927	SOLATINA
3928	Solberry
3929	SOLE
3930	SOLEIL
3931	SOMET（SOMET）
3932	Sommo
3933	SONIC LAB
3934	sonoma
3935	SOOCHI
3936	SOPHIA KOKOSALAKI
3937	Sophie Finzi
3938	SOPHNET.
3939	SOUNDS GOOD
3940	Space Bug
3941	SPALDING
3942	SPECTACLE
3943	SPECTRUM
3944	SPEEDO
3945	SPELL BOUND
3946	Spencer Hart
3947	SPIEWAK
3948	SPINGLE MOVE
3949	Spotted Horse
3950	Spread Hawk
3951	springcourt
3952	Sputnik
3953	SPX
3954	SQUARE
3955	SQUEEZE OUT
3956	SSUR
3957	STALL
3958	Stampd&#39; LA
3959	STANDARD CALIFORNIA
3960	STANLEY BLACKER
3961	STANLEY GUESS
3962	Stanza in
3963	staple
3964	STAYUPLATE
3965	STEFANO BEMER
3966	STEFANO BRANCHINI
3967	Stefano manO
3968	STEFANO VALENTINO
3969	STEFANOBIGI
3970	STEPHAN SCHNEIDER
3971	Stephanie
3972	steven alan
3973	STEVENSON OVERALL
3974	STIFF
3975	StilLas
3976	stillgreen
3977	STITCH
3978	Stitchs
3979	stodja
3980	stof
3981	STOLEN GIRLFRIENDS CLUB
3982	STONE ISLAND
3983	STORAMA
3984	Stuart Weitzman
3985	STUD HOMME
3986	STUDIO D&#39;ARTISAN
3987	STUDIO ORIBE
3988	STUDIO WATERFALL
3989	style+confort
3990	Suave
3991	Subciety
3992	SUBFREAKIE
3993	SUBWARE
3994	SUFFER
3995	Sugar Cane
3996	Sugar Russh
3997	SUICIDAL TENDENCIES
3998	suicoke
3999	suicommi underground
4000	Suikyo
4001	SUIREN
4002	SULIO
4003	Sun Surf
4004	SUNO
4005	Sunsa
4006	SUNSEA
4007	SUNSPEL
4008	SUPER
4009	SUPER HAKKA
4010	SUPERFINE
4011	SUPERSTAR
4012	Surface to Air
4013	SURPASS
4014	SUSAN BIJL
4015	SUTOR MANTELLASSI
4016	SUUNTO
4017	suzuki takayuki
4018	swank
4019	Swanzy
4020	SWATi
4021	SWEAR
4022	SWEET YEARS
4023	SWM
4024	synchronicity
4025	T-19
4026	T-LINE ROSASEN
4027	T・H・D La maison
4028	T.U.K. SHOES
4029	t.yamai paris
4030	TABITA
4031	Tabitha Simmons
4032	tabloid news
4033	TAG Heuer
4034	taishi nobukuni
4035	TAKAKURAZOME（高蔵染）
4036	TAKAMICHI KUMAZAKI
4037	TAKEO NISHIDA
4038	TAKEZO TOYOGUCHI
4039	TAKUMI HATAKEYAMA
4040	TALKING ABOUT THE ABSTRACTION
4041	Talor Toyo
4042	tamao
4043	Tand3m
4044	TANINO CRISCI
4045	TARNISH &amp; TWIST
4046	TASHI
4047	TATAMI
4048	TATRAS
4049	TAVERNITI SO JEANS
4050	Taylor Design
4051	TEAM MESSAGE
4052	TECHNOS
4053	TEDMAN
4054	Tee Dee
4055	tee Lisa
4056	tee-hee
4057	TEN-EIGHT
4058	TENDERLOIN
4059	TERESA YUKIKO YAMASHITA
4060	TERRA PLANA
4061	Terrem
4062	TETE HOMME（TETE HOMME）
4063	tetei
4064	Thakoon
4065	thcraft
4066	THE BACKDROP
4067	The Brooklyn Circus
4068	THE C
4069	The Dress &amp; Co. HIDEAKI SAKAGUCHI
4070	The DUFFER of ST.GEORGE
4071	The Elder Statesman
4072	THE FLAT HEAD
4073	THE ILLEST
4074	THE IMAGINARY FOUNDATION
4075	The Kooples
4076	The Local Firm
4077	THE MASK
4078	THE SMOCK SHOP
4079	The Stylist Japan
4080	THE TWELVE
4081	The Viridi-anne
4082	THEATER8
4083	THEATRE COSTUME HISTORY
4084	Thee Hysteric XXX
4085	Theyskens&#39; Theory
4086	Thierry Mugler
4087	THOM BROWNE
4088	THOMAS PINK
4089	THOUSAND LEAVES
4090	THRASHER
4091	THRDLUCK
4092	THREE AS FOUR
4093	THREE BLIND MICE
4094	three dots
4095	THREE OLD CIRCUS
4096	THROB by throb
4097	THROW-ON
4098	THUG LIFE
4099	TIE YOUR TIE
4100	TIGRE BROCANTE
4101	till
4102	TILT
4103	TIM CAMPI
4104	Tim Hamilton
4105	TIMEX
4106	TIMOTHY EVEREST
4107	TINA KALIVAS
4108	tinkpink
4109	tiptoe
4110	TISSOT
4111	TK
4112	tlab
4113	TLC
4114	TNTS
4115	TO
4116	TO KI TO
4117	TO&amp;CO.
4118	TOD&#39;S
4119	toha
4120	TOhRCH SELECT
4121	TOILET
4122	TOKISHIRAZU（時しらず）
4123	TOKUKO 1er VOL
4124	TOKYO EXTRA GRADE
4125	TOKYO RIPPER
4126	TOLLFREE
4127	TOM BINNS
4128	TOM FORD
4129	TOM REBL
4130	TOMMY
4131	Tommy Nutter
4132	TOMOE ISHIKAWA
4133	TOMS
4134	TONITE
4135	TONO
4136	TOO LATE
4137	TOOLS
4138	TOOT
4139	TOPSY TURVY
4140	TORNADO MART FEMME
4141	TOROY
4142	TORRAZZO DONNA
4143	Toscana
4144	TOTALCOMMUNICATE
4145	TOUGH
4146	tout a coup
4147	TOXIC STAR
4148	Trackstar
4149	TRANS WORK
4150	transaction
4151	TRANSPORT
4152	TRAUMEN
4153	Trickers
4154	TRICKorTREAT
4155	Triple A
4156	Tripp NYC
4157	trippen
4158	TRIPTYCH
4159	TRISECT
4160	TRIVIA
4161	TroisO
4162	TROUPER
4163	TROVATA
4164	TROVE
4165	TRUNK
4166	TRUNKSHOW
4167	TRYGOD
4168	TSE
4169	TSUBI
4170	TSUBO
4171	Tudor
4172	TUMI
4173	tutaee（傳tutaee）
4174	Tutima
4175	TWEEDMILL
4176	Twelve by Twelve
4177	TWENTY FIVE
4178	Twenty8Twelve by s.miller
4179	two tom
4180	twopeace
4181	tyanaphysis
4182	U.P renoma
4183	U.S NAVAL
4184	UARM
4185	UBIQ
4186	UCS
4187	UGLY
4188	Ugo Cacciatori
4189	UGP
4190	UK CARHARTT
4191	ultra-violence
4192	ULYSSE NARDIN
4193	UMBRO
4194	un plus un
4195	undecorated MAN
4196	UNDEFEATED
4197	UNDER CASTLE
4198	UNDERCURRENT
4199	UNDRCRWN
4200	UNIFUL
4201	UNION STATION
4202	UNIS
4203	united bamboo
4204	UNIVERSAL FREAK&#39;S
4205	UNIVERSAL GENEVE（UNIVERSAL GENEVE）
4206	UNLIMITEDSIFR
4207	unnon
4208	UNRIVALED
4209	UNSEAKY
4210	UNSQUEAKY
4211	UNTOLD
4212	UNUSED
4213	UPSTART
4214	uptight
4215	Useless
4216	V
4217	vabelogue
4218	VABENE
4219	VACHERON CONSTANTIN
4220	VAGARY
4221	VAGIIE SPORT
4222	Vaivia
4223	Valentine Gauthier
4224	VALENTINI
4225	VALKURE
4226	Van Cleef &amp; Arpels
4227	VAN Jacket
4228	Vanana
4229	VANDALIZE
4230	VANS VAULT
4231	VANSON
4232	Vansty
4233	VAPORIZE
4234	Varde77
4235	VARENTINE
4236	VASILIEVA
4237	VATLED
4238	Velnica
4239	velvet
4240	Velvet Lounge
4241	VENT D&#39;EST
4242	VENTURA
4243	Verginia
4244	VERNICE
4245	VERONIQUE BRANQUINHO
4246	VERONIQUE LEROY
4247	Verope
4248	VERSUS
4249	VERTREK
4250	VERYNERD
4251	VESTIBULE
4252	Via Repubblica
4253	VIBGYOR
4254	vibram
4255	VICIOUS FLAVOR
4256	VICTIM
4257	VICTORINOX
4258	VIDA＋
4259	Vida=Feliz
4260	Vika Gazinskaya
4261	VIKTOR&amp;ROLF
4262	Ville dazur
4263	Vince
4264	VINTAGE 55
4265	vinterks
4266	VINTI ANDREWS
4267	VINVERT
4268	Violet Hanger（Violet Hanger）
4269	Vionnet
4270	VIRGO
4271	Vis Burrough
4272	VISUAL REPORTS
4273	VISVIM
4274	VITAMIN POWERS FACTORY
4275	VIVIFY
4276	VOICEMAIL
4277	VOKAL
4278	Volar
4279	VOLK by ojaga design
4280	Vostok（Восток）
4281	Votan Tokyo
4282	Vulture
4283	W)taps
4284	WACKO MARIA
4285	WAKANA KOIKE
4286	WALLA WALLA SPORT
4287	Wallis
4288	Walter Van Beirendonck
4289	Waltham Watch Company
4290	WAREHOUSE
4291	Waste(twice)
4292	WAYRG
4293	Wellbeing
4294	Wendine
4295	Wendy&#39;s &amp; foot the coacher
4296	Wendy&amp;jim
4297	Wesco
4298	WEST WEAR
4299	What Goes Around Comes Around (WGACA)
4300	WHEREABOUTS
4301	Whistles
4302	WHITE
4303	WHITE LINE
4304	WHITE MOUNTAINEERING
4305	WHITEHOUSE COX
4306	whiz
4307	Whyred
4308	WILDTHINGS
4309	WILLIAM WALLES
4310	wilson
4311	WIM NEELS
4312	Win&amp;Sons
4313	WIRED
4314	Wizzard
4315	wjk
4316	WOLVERINE
4317	WOLVO
4318	WONDER EIGHT
4319	WOO YOUNG MI
4320	WOOD WOOD
4321	WOODLUM
4322	WOOLRICH
4323	Worn By
4324	Wrangleｒ PREMIUM LINE
4325	writtenafterwards
4326	X-girl Stages
4327	Xampagne
4328	XESCAPE
4329	xg
4330	Y-3
4331	Y&#39;s
4332	YAB-YUM
4333	YAECA
4334	yage
4335	YAK PAK
4336	YANKO
4337	YANUK
4338	yaponskii
4339	Yasue Carter
4340	Yasuyuki Ishii
4341	YEAH RIGHT!
4342	yellaw
4343	YeLLOW CORN
4344	YELLOW RUBY
4345	YENJEANS
4346	YIN
4347	ylicht
4348	ylts
4349	YMC
4350	Yoda Hidemi
4351	YOHAN SERFATY
4352	YOICHI NAGASAWA
4353	YOKANG
4354	YOKO D&#39;OR
4355	YONEX
4356	YOSHiKO☆CREATiON PARiS
4357	YOSHINORI KOTAKE
4358	yoshio kubo
4359	YOSHIYUKI KONISHI
4360	Yuge
4361	YUJI MIURA
4362	YUJI YAMADA
4363	YUKI TORII INTERNATIONAL
4364	Yukiko Hanai
4365	yuks
4366	YUMA KOSHINO
4367	YUMI KATSURA
4368	YURULI
4369	Z-BRAND
4370	Zac Posen
4371	Zadig&amp;Voltaire
4372	ZAKURA
4373	Zale
4374	Zamani
4375	zampa
4376	ZANELLATO
4377	ZANOBETTI
4378	ZANONE
4379	ZARZARROSA
4380	ZEMI LUXE
4381	ZEN
4382	ZENITH
4383	ZENO
4384	ZENO-WATCH
4385	ZER
4386	ZERO HALLIBURTON
4387	ZHEART
4388	ZICUE SELECT
4389	ZIGSAW
4390	ZiL
4391	ZIN KATO
4392	zinco
4393	Zintala
4394	ZIPPO
4395	ZOCALO
4396	ZODIAC
4397	Zoff
4398	ZOO YORK
4399	ZOOL
4400	ZOPPINI
4401	ZORAIDE
4402	ZOY
4403	ZulupaPUWA
4404	ZUNBANA
4405	ZYGORD
4406	Grimoire
4407	C&#39;EST LA VIE
4408	AU BANNISTER
4409	AG by aquagirl
4410	RIVER ISLAND
4411	PAMEO POSE
4412	LOUNIE
4413	Attenir
4414	MAD☆STAR
4415	PHEENY
4416	Vargas
4417	Karl Lagerfeld
4418	kid’s zoo
4419	Sweet Passion
4420	MAISON KITSUNE&#39;
4421	ADIEU TRISTESSE
4422	valentino garavani
4423	muse by rimo
4424	la belle Etude
4425	Honey Cinnamon
4426	Teva
4427	EATME
4428	Crayme,
4429	Sretsis
4430	7-Idconcept.
4431	CAPRICIEUX LE&#39;MAGE
4432	Blumarine
4433	JUNYA WATANABE
4434	emmi atelier
4435	ANNA SUI mini
4436	AMIW
4437	ALLEGE
4438	Allen Edmonds
4439	ALOYE
4440	UNDER ARMOUR
4441	antic rag
4442	en recre
4443	i ro se
4444	A.D.G
4445	Edwina Hoerl
4446	M&#39;S GRACY
4447	Elegance.
4448	Elegance CRUISE
4449	Hender Scheme
4450	ohta
4451	OFF-WHITE
4452	OPAQUE.CLIP
4453	CANNABIS LADIES
4454	GALLERY VISCONTI
4455	銀座マギー
4456	Cry. STORE
4457	CHRISTIAN DADA
4458	KBF+
4459	GOGOSING
4460	COMOLI
4461	Complex Biz
4462	SunnyLandscape
4463	Salon de la Trinite&#39;
4464	J.W.ANDERSON
4465	Jurlique
4466	giraffe
4467	THE SUIT COMPANY
4468	Starbucks Coffee
4469	STEFANEL
4470	Sneep Dip
4471	SMELLY
4472	Three Nine
4473	Seraph
4474	SOU・SOU
4475	Chuan Pisamai
4476	TSURU by Mariko Oikawa
4477	Tiaclasse
4478	Tiara Mily
4479	DIGAWEL
4480	Debut de Fiore
4481	TOYPLANE
4482	Dulcamara
4483	niuhans
4484	PIGALLE
4485	FACETASM
4486	HOOD BY AIR.
4487	plumpynuts
4488	fleamadonna
4489	ふりふ
4490	BED&amp;BREAKFAST
4491	bodysong.
4492	Boisson Chocolat
4493	macromauro
4494	MAMIAN
4495	Mary Coco.
4496	Mew&#39;s
4497	Milena&#39;s Boutique
4498	Maison de FLEUR
4499	Memnon
4500	mon Lily
4501	Loungedress
4502	LUDLOW
4503	Lilas Campbell
4504	leur logette
4505	LUELU
4506	Rubyrivet
4507	Leur Getter
4508	REDYAZEL
4509	RENE CAOVILLA
4510	Lochie
4511	Wafflish Waffle
4512	Latia
4513	acca
4514	alicia adams alpaca
4515	Andy
4516	ARC&#39;TERYX
4517	ATAO
4518	Ballsey
4519	BaubleBar
4520	Blanco
4521	Bobon21
4522	boohoo
4523	by boe
4524	C/MEO COLLECTIVE
4525	CANADA GOOSE
4526	CAPRI WATCH
4527	chaikim
4528	chambre de charme
4529	Chantecler
4530	Chi Chi London
4531	Chiara Ferragni
4532	Chicwish
4533	chocol raffine robe
4534	CIAOPANIC TYPY
4535	Combi mini
4536	COOGI
4537	CROWN BANBY
4538	Daniel Wellington
4539	DANTON
4540	dazzy store
4541	DENHAM
4542	Denim &amp; Supply Ralph Lauren
4543	DES PRES
4544	Deus ex Machina
4545	didizizi
4546	Diffusione Tessile
4547	dinh van
4548	E hyphen world gallery BonBon
4549	ELEVEN PARIS
4550	evam eva
4551	Ewing Athletics
4552	Fallin&#39;
4553	Faure Le Page
4554	Favorite
4555	FEAR OF GOD
4556	fig London
4557	Flying Tiger Copenhagen
4558	Frank&amp;Eileen
4559	GHERARDINI
4560	GRACERA
4561	haco!
4562	HARRY WINSTON
4563	Hui-Hui
4564	ICECHAIN-PLANT
4565	J&amp;M DAVIDSON
4566	JAGGER EDGE
4567	Koalabi
4568	KUMATAN
4569	LAMIA
4570	Larsson&amp;Jennings
4571	LAZY OAF
4572	Les Nereides
4573	LI HUA
4574	Linda Farrow
4575	Lipsy
4576	little sunny bite
4577	lululemon
4578	Maaji
4579	Mackage
4580	MANOUSH
4581	MANSUR GAVRIEL
4582	MARCELO BURLON
4583	MiMC
4584	MissAdora
4585	MISSGUIDED
4586	mixxmix
4587	my other bag
4588	N°21
4589	NORTHERN TRUCK
4590	PAULE KA
4591	PEARLY GATES
4592	PECO CLUB
4593	petit main
4594	Petite fleur
4595	Petunia Pickle Bottom
4596	peu pres
4597	PHILIPPE MODEL
4598	PLAYNOMOER
4599	Pomellato
4600	PonteVecchio
4601	REDDY APPLESEED
4602	Revitalash
4603	RIMMEL
4604	room IVY
4605	Rosary moon
4606	SATURDAYS SURF NYC
4607	SCAPA
4608	SeaRoomlynn
4609	Sixth June
4610	SKINNYDIP
4611	SOPHIE HULME
4612	SOREL
4613	starstylig
4614	Stola.
4615	STYLENANDA
4616	STYLESTALKER
4617	SunaUna
4618	SUPRA
4619	Sybilla
4620	T&#39;bis Studio
4621	TADASHI SHOJI
4622	TED BAKER
4623	The Beach People
4624	The Fifth Watches
4625	TOFF＆LOADSTONE
4626	Valextra
4627	VII XII XXX
4628	Yochi NEW YORK
4629	Younique
4630	Zumba
4631	ニッセン
4632	三愛水着楽園
4633	自由区
4634	サントニブンノイチ
4635	秋田書店
4636	集英社
4637	講談社
4638	白泉社
4639	アスキー・メディアワークス
4640	角川書店
4641	幻冬舎
4642	小学館
4643	SQUARE ENIX
4644	ワニブックス
4645	日経BP
4646	宝島社
4647	光文社
4648	東京書籍
4649	文藝春秋
4650	ぎょうせい
4651	教学社
4652	国際ビジネスコミュニケーション協会
4653	朝日新聞出版
4654	TAC出版
4655	日本看護協会出版会
4656	旺文社
4657	洋泉社
4658	金の星社
4659	ダイヤモンド社
4660	エイ出版社
4661	主婦と生活社
4662	マガジンハウス
4663	翔泳社
4664	岩波書店
4665	サンマーク出版
4666	東芝
4667	三菱
4668	日立
4669	SHARP
4670	Panasonic
4671	SONY
4672	NORITZ
4673	Apple
4674	NEC
4675	富士通
4676	Haier
4677	Electrolux
4678	PHILIPS
4679	BRAUN
4680	SAMSUNG
4681	LG Electronics
4682	TOTO
4683	象印
4684	TIGER
4685	STAUB
4686	Vermicular
4687	Zwilling J.A. Henckels
4688	GLOBAL
4689	BALMUDA
4690	T-fal
4691	Fissler
4692	ワンダーシェフ
4693	Vita Craft
4694	貝印
4695	京セラ
4696	Lekue
4697	Vitamix
4698	bamix
4699	ARABIA
4700	WEDGWOOD
4701	MEISSEN
4702	CORELLE
4703	MINTON
4704	大倉陶園
4705	Noritake
4706	NARUMI
4707	香蘭社
4708	白山陶器
4709	九谷青窯
4710	柳宗理
4711	たち吉
4712	Baccarat
4713	bodum
4714	THERMOS
4715	DURALEX
4716	東洋佐々木ガラス
4717	HARIO
4718	Sghr
4719	TULLY&#39;S COFFEE
4720	IKEA
4721	ニトリ
4722	カリモク家具
4723	TEMPUR
4724	フランスベッド
4725	大塚家具
4726	東レ
4727	magniflex
4728	Sarah Grace
4729	Cassina
4730	SIMMONS
4731	ZARA HOME
4732	ヤマハ
4733	Roland
4734	KENWOOD
4735	ONKYO
4736	DENON
4737	Pioneer
4738	SENNHEISER
4739	Spigen
4740	Incase
4741	IPHORIA
4742	BOSE
4743	Skullcandy
4744	ELECOM
4745	audio-technica
4746	Beats by Dr Dre
4747	dinos
4748	cecile
4749	Color
4750	キリン
4751	アサヒ
4752	サントリー
4753	日本ハム
4754	明治
4755	味の素
4756	山崎製パン
4757	森永乳業
4758	キユーピー
4759	コカ・コーラ
4760	雪印メグミルク
4761	日清製粉
4762	サッポロ
4763	伊藤ハム
4764	日清食品
4765	伊藤園
4766	キッコーマン
4767	カルビー
4768	グリコ
4769	森永製菓
4770	ブルボン
4771	不二家
4772	亀田製菓
4773	中村屋
4774	井村屋
4775	モロゾフ
4776	Frente
4777	ハウス食品
4778	GABAN
4779	和光堂
4780	DANONE
4781	Nestle
4782	KALDI
4783	小川珈琲
4784	UCC
4785	AGF
4786	KEY COFFEE
4787	石屋製菓
4788	コストコ
4789	山田養蜂場
4790	えがお
4791	やずや
4792	フラコラ
4793	小林製薬
4794	大正製薬
4795	Eisai
4796	再春館製薬所
4797	アース製薬
4798	ロート製薬
4799	大塚製薬
4800	スカルプD
4801	BOTANIST
4802	パックスナチュロン
4803	ルベル
4804	LION
4805	花王
4806	Cosme Kitchen
4807	よーじや
4808	Dr.Hauschka
4809	naturaglace
4810	Biore
4811	ANESSA
4812	LEONARD
4813	ちふれ化粧品
4814	SK-II
4815	クレ・ド・ポー ボーテ
4816	ニベア
4817	アカチャンホンポ
4818	Pigeon
4819	ポケモン
4820	SESAME STREET
4821	サンリオ
4822	サンエックス
4823	PEANUTS
4824	ジブリ
4825	MARUKO
4826	Johnny&#39;s
4827	EXILE TRIBE
4828	Ain Soph
4829	ALEXIA STAM
4830	Alfa Romeo
4831	Ameri VINTAGE
4832	AUDI
4833	ampersand
4834	an
4835	And Couture
4836	ASUS
4837	AuieF
4838	Aveniretoile
4839	B.C. Rich
4840	BANANA CHIPS
4841	BAYFLOW
4842	Bianchi
4843	blanche etoile
4844	BMW
4845	Bon merceie
4846	BOSS
4847	C3fit
4848	Cadillac
4849	Cannondale
4850	Callaway Golf
4851	CATEYE
4852	C&#39;omodo+plust
4853	Canon
4854	Chevrolet
4855	Chrysler
4856	clear
4857	Coleman
4858	combi
4859	Coomb
4860	Couture Brooch
4861	DABAgirl
4862	Deuter
4863	Danny＆Anne
4865	Dom Perignon
4866	Ducati
4867	EPI
4868	Epiphone
4869	ESP
4870	ETVOS
4871	Fender
4872	Fernandes
4873	Ferrari
4874	Ford
4875	futafuta
4876	GAYA
4877	Giant
4878	Gibson
4879	GIOS
4880	GOLDWIN
4881	Goodyear
4882	GoPro
4883	GRACIEUX
4884	GUNZE
4885	HABA
4886	HAKUBA
4887	Harley Davidson
4888	HELLY HANSEN
4889	Haglofs
4890	Ibanez
4891	Jeep
4892	Jaguar
4893	Kenko
4894	KORG
4895	L&#39;Oreal Paris
4896	LEICA
4897	Lexer
4898	LOKITHO
4899	LOUIS GARNEAU
4900	Magender
4901	mame
4902	Mammut
4903	Manfrotto
4904	Microsoft
4905	MILLET
4906	monlily
4907	Moto Guzzi
4908	Mountainsmith
4909	MOET &amp; CHANDON
4910	NORDICA
4911	Nikon
4912	NYX
4913	oggi otto
4914	OHOTORO
4915	OLYMPUS
4916	Osprey
4917	P&amp;G
4918	PACHI PACHI FACTORY
4919	pearl
4920	PENTAX
4921	Photogenic
4922	Porsche
4923	Ray BEAMS
4924	REBERTAS
4925	REGAL
4926	RICOH
4927	RUBY AND YOU
4928	SanDisk
4929	sango
4930	Secret Key
4931	SHIMANO
4932	Shop NikoNiko
4933	SIGMA
4934	Simplicite
4935	SLIK
4936	Snow Peak
4937	Specialized
4938	TAMRON
4939	Tayroc
4940	Transcend
4941	TOPEAK
4942	URBANBOBBY
4943	Velbon
4944	VIVA HEART
4945	VOX
4946	Volvo
4947	Volkswagen
4948	XXlll
4949	Zoom
4950	いすゞ
4951	カワサキ
4952	こどもビームス
4953	シャルレ
4954	スズキ
4955	スバル
4956	ダイハツ
4957	ニッカウヰスキー
4958	トヨタ
4959	チャイハネ
4960	ナリス化粧品
4961	ホンダ
4962	マツダ
4963	日産
4964	任天堂
4965	卑弥呼
4966	富士フイルム
4967	本間ゴルフ
4968	ARMANI JUNIOR
4969	INGNI First
4970	I PINCO PALLINO
4971	INNER PRESS
4972	OILILY
4973	OLLINKARI
4974	Catherine Cottage
4975	SAYEGUSA
4976	KRIFF MAYER
4977	kladskap
4978	Groovy Colors
4979	GOTHAM
4980	CONVEX
4981	J.PRESS
4982	GENERATOR
4983	ZIDDY
4984	Simonetta
4985	JILLSTUART NEWYORK
4986	CYRILLUS
4987	SCOTCH HOUSE
4988	Zuppa di Zucca
4989	Tartine et Chocolat
4990	CHIP TRIP
4991	Diable
4992	Natural Boo
4993	NEEDLE WORK SOON
4994	PARTY TICKET
4995	Hug O War
4996	hakka kids
4997	hakka baby
4998	BACK ALLEY
4999	papp
5001	VANA VANA
5002	Biquette
5003	HIPPY HAPPY YUPPY BOO
5004	Parents Dream
5005	PONY GO ROUND
5006	maarook
5007	DOUBLE.B
5008	HOT BISCUITS
5009	MONNALISA
5010	UNICA
5011	LAGOM
5012	LAUGH &amp; CHEAP
5013	lovetoxic
5014	WAMWAM
5015	Krug
5016	Peugeot
